00000000,FALSE
00000001,FALSE
00000002,FALSE
00000003,FALSE
00000004,FALSE
00000005,FALSE
00000006,FALSE
00000007,FALSE
00000008,FALSE
00000009,FALSE
00000010,FALSE
00000011,FALSE
00000012,FALSE
00000013,FALSE
00000014,FALSE
00000015,FALSE
00000016,FALSE
00000017,FALSE
00000018,FALSE
00000019,FALSE
00000020,FALSE
00000021,FALSE
00000022,FALSE
00000023,FALSE
00000024,FALSE
00000025,FALSE
00000026,FALSE
00000027,FALSE
00000028,FALSE
00000029,FALSE
00000030,FALSE
00000031,FALSE
00000032,FALSE
00000033,FALSE
00000034,FALSE
00000035,FALSE
00000036,FALSE
00000037,FALSE
00000038,FALSE
00000039,FALSE
00000040,FALSE
00000041,FALSE
00000042,FALSE
00000043,FALSE
00000044,FALSE
00000045,FALSE
00000046,FALSE
00000047,FALSE
00000048,FALSE
00000049,FALSE
00000050,FALSE
00000051,FALSE
00000052,FALSE
00000053,FALSE
00000054,FALSE
00000055,FALSE
00000056,FALSE
00000057,FALSE
00000058,FALSE
00000059,FALSE
00000060,FALSE
00000061,FALSE
00000062,FALSE
00000063,FALSE
00000064,FALSE
00000065,FALSE
00000066,FALSE
00000067,FALSE
00000068,FALSE
00000069,FALSE
00000070,FALSE
00000071,FALSE
00000072,FALSE
00000073,FALSE
00000074,FALSE
00000075,FALSE
00000076,FALSE
00000077,FALSE
00000078,FALSE
00000079,FALSE
00000080,FALSE
00000081,FALSE
00000082,FALSE
00000083,FALSE
00000084,FALSE
00000085,FALSE
00000086,FALSE
00000087,FALSE
00000088,FALSE
00000089,FALSE
00000090,FALSE
00000091,FALSE
00000092,FALSE
00000093,FALSE
00000094,FALSE
00000095,FALSE
00000096,FALSE
00000097,FALSE
00000098,FALSE
00000099,FALSE
00000100,FALSE
00000101,FALSE
00000102,FALSE
00000103,FALSE
00000104,FALSE
00000105,FALSE
00000106,FALSE
00000107,FALSE
00000108,FALSE
00000109,FALSE
00000110,FALSE
00000111,FALSE
00000112,FALSE
00000113,FALSE
00000114,FALSE
00000115,FALSE
00000116,FALSE
00000117,FALSE
00000118,FALSE
00000119,FALSE
00000120,FALSE
00000121,FALSE
00000122,FALSE
00000123,FALSE
00000124,FALSE
00000125,FALSE
00000126,FALSE
00000127,FALSE
00000128,FALSE
00000129,FALSE
00000130,FALSE
00000131,FALSE
00000132,FALSE
00000133,FALSE
00000134,FALSE
00000135,FALSE
00000136,FALSE
00000137,FALSE
00000138,FALSE
00000139,FALSE
00000140,FALSE
00000141,FALSE
00000142,FALSE
00000143,FALSE
00000144,FALSE
00000145,FALSE
00000146,FALSE
00000147,FALSE
00000148,FALSE
00000149,FALSE
00000150,FALSE
00000151,FALSE
00000152,FALSE
00000153,FALSE
00000154,FALSE
00000155,FALSE
00000156,FALSE
00000157,FALSE
00000158,FALSE
00000159,FALSE
00000160,FALSE
00000161,FALSE
00000162,FALSE
00000163,FALSE
00000164,FALSE
00000165,FALSE
00000166,FALSE
00000167,FALSE
00000168,FALSE
00000169,FALSE
00000170,FALSE
00000171,FALSE
00000172,FALSE
00000173,FALSE
00000174,FALSE
00000175,FALSE
00000176,FALSE
00000177,FALSE
00000178,FALSE
00000179,FALSE
00000180,FALSE
00000181,FALSE
00000182,FALSE
00000183,FALSE
00000184,FALSE
00000185,FALSE
00000186,FALSE
00000187,FALSE
00000188,FALSE
00000189,FALSE
00000190,FALSE
00000191,FALSE
00000192,FALSE
00000193,FALSE
00000194,FALSE
00000195,FALSE
00000196,FALSE
00000197,FALSE
00000198,FALSE
00000199,FALSE
00000200,FALSE
00000201,FALSE
00000202,FALSE
00000203,FALSE
00000204,FALSE
00000205,FALSE
00000206,FALSE
00000207,FALSE
00000208,FALSE
00000209,FALSE
00000210,FALSE
00000211,FALSE
00000212,FALSE
00000213,FALSE
00000214,FALSE
00000215,FALSE
00000216,FALSE
00000217,FALSE
00000218,FALSE
00000219,FALSE
00000220,FALSE
00000221,FALSE
00000222,FALSE
00000223,FALSE
00000224,FALSE
00000225,FALSE
00000226,FALSE
00000227,FALSE
00000228,FALSE
00000229,FALSE
00000230,FALSE
00000231,FALSE
00000232,FALSE
00000233,FALSE
00000234,FALSE
00000235,FALSE
00000236,FALSE
00000237,FALSE
00000238,FALSE
00000239,FALSE
00000240,FALSE
00000241,FALSE
00000242,FALSE
00000243,FALSE
00000244,FALSE
00000245,FALSE
00000246,FALSE
00000247,FALSE
00000248,FALSE
00000249,FALSE
00000250,FALSE
00000251,FALSE
00000252,FALSE
00000253,FALSE
00000254,FALSE
00000255,FALSE
00000256,FALSE
00000257,FALSE
00000258,FALSE
00000259,FALSE
00000260,FALSE
00000261,FALSE
00000262,FALSE
00000263,FALSE
00000264,FALSE
00000265,FALSE
00000266,FALSE
00000267,FALSE
00000268,FALSE
00000269,FALSE
00000270,FALSE
00000271,FALSE
00000272,FALSE
00000273,FALSE
00000274,FALSE
00000275,FALSE
00000276,FALSE
00000277,FALSE
00000278,FALSE
00000279,FALSE
00000280,FALSE
00000281,FALSE
00000282,FALSE
00000283,FALSE
00000284,FALSE
00000285,FALSE
00000286,FALSE
00000287,FALSE
00000288,FALSE
00000289,FALSE
00000290,FALSE
00000291,FALSE
00000292,FALSE
00000293,FALSE
00000294,FALSE
00000295,FALSE
00000296,FALSE
00000297,FALSE
00000298,FALSE
00000299,FALSE
00000300,FALSE
00000301,FALSE
00000302,FALSE
00000303,FALSE
00000304,FALSE
00000305,FALSE
00000306,FALSE
00000307,FALSE
00000308,FALSE
00000309,FALSE
00000310,FALSE
00000311,FALSE
00000312,FALSE
00000313,FALSE
00000314,FALSE
00000315,FALSE
00000316,FALSE
00000317,FALSE
00000318,FALSE
00000319,FALSE
00000320,FALSE
00000321,FALSE
00000322,FALSE
00000323,FALSE
00000324,FALSE
00000325,FALSE
00000326,FALSE
00000327,FALSE
00000328,FALSE
00000329,FALSE
00000330,FALSE
00000331,FALSE
00000332,FALSE
00000333,FALSE
00000334,FALSE
00000335,FALSE
00000336,FALSE
00000337,FALSE
00000338,FALSE
00000339,FALSE
00000340,FALSE
00000341,FALSE
00000342,FALSE
00000343,FALSE
00000344,FALSE
00000345,FALSE
00000346,FALSE
00000347,FALSE
00000348,FALSE
00000349,FALSE
00000350,FALSE
00000351,FALSE
00000352,FALSE
00000353,FALSE
00000354,FALSE
00000355,FALSE
00000356,FALSE
00000357,FALSE
00000358,FALSE
00000359,FALSE
00000360,FALSE
00000361,FALSE
00000362,FALSE
00000363,FALSE
00000364,FALSE
00000365,FALSE
00000366,FALSE
00000367,FALSE
00000368,FALSE
00000369,FALSE
00000370,FALSE
00000371,FALSE
00000372,FALSE
00000373,FALSE
00000374,FALSE
00000375,FALSE
00000376,FALSE
00000377,FALSE
00000378,FALSE
00000379,FALSE
00000380,FALSE
00000381,FALSE
00000382,FALSE
00000383,FALSE
00000384,FALSE
00000385,FALSE
00000386,FALSE
00000387,FALSE
00000388,FALSE
00000389,FALSE
00000390,FALSE
00000391,FALSE
00000392,FALSE
00000393,FALSE
00000394,FALSE
00000395,FALSE
00000396,FALSE
00000397,FALSE
00000398,FALSE
00000399,FALSE
00000400,FALSE
00000401,FALSE
00000402,FALSE
00000403,FALSE
00000404,FALSE
00000405,FALSE
00000406,FALSE
00000407,FALSE
00000408,FALSE
00000409,FALSE
00000410,FALSE
00000411,FALSE
00000412,FALSE
00000413,FALSE
00000414,FALSE
00000415,FALSE
00000416,FALSE
00000417,FALSE
00000418,FALSE
00000419,FALSE
00000420,FALSE
00000421,FALSE
00000422,FALSE
00000423,FALSE
00000424,FALSE
00000425,FALSE
00000426,FALSE
00000427,FALSE
00000428,FALSE
00000429,FALSE
00000430,FALSE
00000431,FALSE
00000432,FALSE
00000433,FALSE
00000434,FALSE
00000435,FALSE
00000436,FALSE
00000437,FALSE
00000438,FALSE
00000439,FALSE
00000440,FALSE
00000441,FALSE
00000442,FALSE
00000443,FALSE
00000444,FALSE
00000445,FALSE
00000446,FALSE
00000447,FALSE
00000448,FALSE
00000449,FALSE
00000450,FALSE
00000451,FALSE
00000452,FALSE
00000453,FALSE
00000454,FALSE
00000455,FALSE
00000456,FALSE
00000457,FALSE
00000458,FALSE
00000459,FALSE
00000460,FALSE
00000461,FALSE
00000462,FALSE
00000463,FALSE
00000464,FALSE
00000465,FALSE
00000466,FALSE
00000467,FALSE
00000468,FALSE
00000469,FALSE
00000470,FALSE
00000471,FALSE
00000472,FALSE
00000473,FALSE
00000474,FALSE
00000475,FALSE
00000476,FALSE
00000477,FALSE
00000478,FALSE
00000479,FALSE
00000480,FALSE
00000481,FALSE
00000482,FALSE
00000483,FALSE
00000484,FALSE
00000485,FALSE
00000486,FALSE
00000487,FALSE
00000488,FALSE
00000489,FALSE
00000490,FALSE
00000491,FALSE
00000492,FALSE
00000493,FALSE
00000494,FALSE
00000495,FALSE
00000496,FALSE
00000497,FALSE
00000498,FALSE
00000499,FALSE
00000500,FALSE
00000501,FALSE
00000502,FALSE
00000503,FALSE
00000504,FALSE
00000505,FALSE
00000506,FALSE
00000507,FALSE
00000508,FALSE
00000509,FALSE
00000510,FALSE
00000511,FALSE
00000512,FALSE
00000513,FALSE
00000514,FALSE
00000515,FALSE
00000516,FALSE
00000517,FALSE
00000518,FALSE
00000519,FALSE
00000520,FALSE
00000521,FALSE
00000522,FALSE
00000523,FALSE
00000524,FALSE
00000525,FALSE
00000526,FALSE
00000527,FALSE
00000528,FALSE
00000529,FALSE
00000530,FALSE
00000531,FALSE
00000532,FALSE
00000533,FALSE
00000534,FALSE
00000535,FALSE
00000536,FALSE
00000537,FALSE
00000538,FALSE
00000539,FALSE
00000540,FALSE
00000541,FALSE
00000542,FALSE
00000543,FALSE
00000544,FALSE
00000545,FALSE
00000546,FALSE
00000547,FALSE
00000548,FALSE
00000549,FALSE
00000550,FALSE
00000551,FALSE
00000552,FALSE
00000553,FALSE
00000554,FALSE
00000555,FALSE
00000556,FALSE
00000557,FALSE
00000558,FALSE
00000559,FALSE
00000560,FALSE
00000561,FALSE
00000562,FALSE
00000563,FALSE
00000564,FALSE
00000565,FALSE
00000566,FALSE
00000567,FALSE
00000568,FALSE
00000569,FALSE
00000570,FALSE
00000571,FALSE
00000572,FALSE
00000573,FALSE
00000574,FALSE
00000575,FALSE
00000576,FALSE
00000577,FALSE
00000578,FALSE
00000579,FALSE
00000580,FALSE
00000581,FALSE
00000582,FALSE
00000583,FALSE
00000584,FALSE
00000585,FALSE
00000586,FALSE
00000587,FALSE
00000588,FALSE
00000589,FALSE
00000590,FALSE
00000591,FALSE
00000592,FALSE
00000593,FALSE
00000594,FALSE
00000595,FALSE
00000596,FALSE
00000597,FALSE
00000598,FALSE
00000599,FALSE
00000600,FALSE
00000601,FALSE
00000602,FALSE
00000603,FALSE
00000604,FALSE
00000605,FALSE
00000606,FALSE
00000607,FALSE
00000608,FALSE
00000609,FALSE
00000610,FALSE
00000611,FALSE
00000612,FALSE
00000613,FALSE
00000614,FALSE
00000615,FALSE
00000616,FALSE
00000617,FALSE
00000618,FALSE
00000619,FALSE
00000620,FALSE
00000621,FALSE
00000622,FALSE
00000623,FALSE
00000624,FALSE
00000625,FALSE
00000626,FALSE
00000627,FALSE
00000628,FALSE
00000629,FALSE
00000630,FALSE
00000631,FALSE
00000632,FALSE
00000633,FALSE
