CREATE DATABASE  IF NOT EXISTS `sers-local` /*!40100 DEFAULT CHARACTER SET utf8mb4 COLLATE utf8mb4_0900_ai_ci */ /*!80016 DEFAULT ENCRYPTION='N' */;
USE `sers-local`;

-- MySQL dump 10.13  Distrib 8.0.21, for Win64 (x86_64)
--
-- Host: localhost    Database: sers-populate
-- ------------------------------------------------------
-- Server version	8.0.18

/*!40101 SET @OLD_CHARACTER_SET_CLIENT=@@CHARACTER_SET_CLIENT */;
/*!40101 SET @OLD_CHARACTER_SET_RESULTS=@@CHARACTER_SET_RESULTS */;
/*!40101 SET @OLD_COLLATION_CONNECTION=@@COLLATION_CONNECTION */;
/*!50503 SET NAMES utf8 */;
/*!40103 SET @OLD_TIME_ZONE=@@TIME_ZONE */;
/*!40103 SET TIME_ZONE='+00:00' */;
/*!40014 SET @OLD_UNIQUE_CHECKS=@@UNIQUE_CHECKS, UNIQUE_CHECKS=0 */;
/*!40014 SET @OLD_FOREIGN_KEY_CHECKS=@@FOREIGN_KEY_CHECKS, FOREIGN_KEY_CHECKS=0 */;
/*!40101 SET @OLD_SQL_MODE=@@SQL_MODE, SQL_MODE='NO_AUTO_VALUE_ON_ZERO' */;
/*!40111 SET @OLD_SQL_NOTES=@@SQL_NOTES, SQL_NOTES=0 */;

--
-- Table structure for table `course`
--

DROP TABLE IF EXISTS `course`;
/*!40101 SET @saved_cs_client     = @@character_set_client */;
/*!50503 SET character_set_client = utf8mb4 */;
CREATE TABLE `course` (
  `Course_ID` varchar(15) NOT NULL,
  `Course_Name` varchar(255) NOT NULL,
  `Course_Desc` longtext,
  `Course_Status` varchar(255) NOT NULL DEFAULT 'not offered',
  `Category` varchar(255) NOT NULL,
  `Has_Certification` tinyint(1) DEFAULT '0',
  PRIMARY KEY (`Course_ID`)
) ENGINE=InnoDB DEFAULT CHARSET=utf8mb4 COLLATE=utf8mb4_0900_ai_ci;
/*!40101 SET character_set_client = @saved_cs_client */;

--
-- Dumping data for table `course`
--

LOCK TABLES `course` WRITE;
/*!40000 ALTER TABLE `course` DISABLE KEYS */;
INSERT INTO `course` VALUES ('DATA201801','Front-End Development with ReactJS Workshop','For: Students who aspire to be a full-stack developer or have interest in frontend development Pre-requisites: Have a good understanding of JavaScript','not offered','N.A.',0),('DATA201802','Natural Language Processing by Taiger Academy','For:  Students interested in learning Artificial Intelligence and practical applications\n\n\n\nPre-requisites: Introduction to Programming/IS Software Foundation & Data Management\n\n\n\nNote: If you do not meet the pre-requisites  please do not register. There will be no refund for registrants who register but do not meet the pre-requisites.\n\n\n\nMin class size: 20 (the class will run only with min size)\n\nMax class size: 30\n\n\n\nInvited Instructors (from Taiger Academy): \n\nProfessors and TAIGER?S own engineers\n\n\n\nSyllabus:\n\n-	3 day in-depth course on Natural Language Processing  with live examples featuring some of TAIGER?S technology.\n\n-	This 3-day course will be conducted by professors and TAIGER?S own engineers with a mix of AI theory and hands on with practical AI tools.\n\n-	Students will not need to have attended the previous Foundations in AI course to gain maximum benefit from this upcoming course.','not offered','N.A.',0),('DATA201803','React.js  development environment','For:  Students who wants to pursue a career as an Application Developer','not offered','N.A.',0),('DATA201804','Jumpstart to Android Programming','-  Utilizing Camera to captured image or as QR Scanner\n\n-  Utilizing GPS to get current location\n\n-  Uploading data to firebase database or storage\n\n\n\nAt the end of the 2nd day  there will be a demonstration of uploading apps to Google PlayStore and sharing personal tips and experience on what to look out for when uploading the app to Google PlayStore!\n\n\n\nWe will be using Android Studio as the IDE to create an android application. Don?t worry if you are using Mac  as Android Studio supports both Windows and Mac Laptop\n\nFor:  Students interested to do some android apps either for Project Experience or for own use\n\n\n\nPrerequisites:  Basic Programming \n\n\n\nMin class size: 12 (the class will run only with min size)\n\nMax class size: 45\n\n\n\nStudent Instructor: WU Jianhua\n\n\n\nSyllabus:\n\nWant to learn how to create Android app? Ever heard of firebase by Google?\n\n \n\nFirebase provides features such as Database  Storage  and Analytics of your Apps. Those features enable you to build better apps. In this enrichment  it gives you a jump-start to android development. In which you will learn how to create an app and integrate it with firebase and utilize its features.\n\n\n\nAnd here are some of the other features of the app:\n\n\n\n-  Logging in using Google Account\n\n-  Utilizing Camera to captured image or as QR Scanner\n\n-  Utilizing GPS to get current location\n\n-  Uploading data to firebase database or storage\n\n\n\nAt the end of the 2nd day  there will be a demonstration of uploading apps to Google PlayStore and sharing personal tips and experience on what to look out for when uploading the app to Google PlayStore!\n\n\n\nWe will be using Android Studio as the IDE to create an android application. Don?t worry if you are using Mac  as Android Studio supports both Windows and Mac Laptop\n\n','not offered','N.A.',0),('DATA201805','SalesCloud','ONLY for matriculated students\n\nFor:  Students who are interested in learning more about salesforce functionalities that allows them to quickly get up to speed on the Salesforce Sales Cloud and its productivity tools. \n\n\n\nPrerequisites: Basic operation of an application through web browser\n\n\n\nMin class size: 12 (the class will run only if min size)\n\nMax class size: 25\n\n\n\nInstructor: LEE Kok Khing\n\n\n\nSyllabus:\n\nStudents will learn how a Sales Representative will use the Sales Cloud to prospect for clients  manage accounts and opportunities  manage workflow  communicate with clients  and run reports.\n\nStudents will also learn how a Sales Manager analyzes and improves sales processes from lead assignment to deal closure using Salesforce Sales Cloud.\n\n\n\nNotes:\n\n    SMU is conducting this course under the Salesforce Academic Alliance.\n\n','not offered','N.A.',0),('DATA201806','Quantum Computing Primer','For: Students who wants to learn about how Quantum Computers differ from current computers  their potential applications and current challenges and issues.\r\n \r\nPrerequisites: Basic understanding of current computer technology e.g. bits and logic gates.\r\n       \r\n \r\nInstructor: Paul GRIFFIN\r\n \r\nSyllabus Details:\r\nThe underlying principles and applications of quantum computing will be discussed and demonstrated. Real life examples will be given with explanations on how quantum computers can help solve some problems more efficiently. Current theoretical and technical issues will also be discussed.\r\nThere will be 2 sessions of 1.5 hours each with a mixture of theory and demonstrations to help understand the different way quantum computers work.\r\nThere will be a prize for any student that generates a new idea for the application of quantum computers or a potential solution to a current issue.','retired','N.A.',0),('DATA201807','Be a Pro Mac User!','For:  Students interested in to maximise their use of their Mac\r\n \r\nPrerequisites:\r\n- You need a Mac to participate\r\n- Bring your charger / adapter\r\n\r\nMin class size: 15 (the class will run only with min size)\r\nMax class size: 30\r\n \r\nStudent Instructors: \r\nGabriel Chuan  Andrew Tay\r\n \r\nSyllabus:\r\nThe key idea of the course is to help students maximise their use of their Mac.\r\nLearn tricks to get better at using your mac. Save time on multiple tasks with these tricks!\r\n\r\nUsing Preview.app\r\nCopying from Powerpoint/Preview quickly\r\nMac Snipping Tool\r\nUsing QuickTime\r\nDisplay iPhone Screen on Mac\r\nRecord Screens\r\nUsing AirDrop\r\nUsing Spectacle.app For Resizing\r\nAccessibility Tips - Invert Colors  ctrl+zoom and gestures\r\nHot Corners - quick logout  etc\r\n(Bonus) Setup homebrew  iTerm and zsh\r\niCalendar.app - Shared Calendar + Delegates\r\nVirtualization / Bootcamp\r\n','retired','N.A.',0),('DATA201808','Introduction to Node.js & NoSQL Databases w/ MongoDB','For: Students who wish to learn more about server-side Javascript web application development with Node.js and go beyond traditional relational database systems  exploring concepts around document-oriented NoSQL databases Retired N.A.\r\nDATA201809 Blockchain and Smart Contracts For: Students who wants to learn how to create and program blockchains and Smart Contracts.','retired','N.A.',0),('DATA201809','Blockchain and Smart Contracts','For: Students who wants to learn how to create and program blockchains and Smart Contracts.\r\n \r\nPrerequisites: Basic programming experience  Javascript is best. Must bring a PC for lab section.\r\n \r\nMin class size: 5 (the class will run only with min size)\r\nMax class size: 45\r\n \r\nInstructor: Paul GRIFFIN\r\n \r\nSyllabus Details:\r\nBlockchain and Smart Contracts are at the heart of new disruptions to finance and other industries with crypto-currencies such as BitCoin and distributed ledgers being used by many start-ups. This class provides the background and how to start programming these important technologies.\r\nThere will be 2 sessions of 3 hours each with a mix of theory and hands-on work. By the end of the sessions participants will be able to install a blockchain  mine blocks and write  deploy and execute Smart Contracts. \r\nWe will be using Ethereum as the blockchain and Smart Contract engine and program in Solidity. A knowledge of programming is assumed but only up to understanding scripts (ideally Javascript).','retired','N.A.',0),('DATA201810','Web Data Extraction and Regression Analysis','For: SMU undergraduates  postgraduates  and staff who are interested in collection and analysis of Web data.\r\n \r\nPrerequisites: Knowledge of Java programming.\r\n \r\nMin class size: 15 (the class will run only with min size)\r\nMax class size: 30\r\n \r\nInstructor: Preferred.AI (http://preferred.ai)\r\n \r\nSyllabus Details:\r\nThe Web is an enormous repository of data.  Frequently  in our work or study  we need to access some information from the Web for projects  market research  hypothesis testing  application development  etc. In this course  we cover the fundamentals of how data on the Web are represented  how we can construct programs that systematically extract data from specific Web sources and organize them into a structured form  and how to conduct regression analysis for basic prediction tasks. This is a hands-on course.  Attendees are expected to attend all five days  and to complete a small group project by the end of the course.\r\n1.	Representations of Web data and focused crawling\r\n2.	Data extraction workshop\r\n3.	Regression analysis\r\n4.	Data analysis workshop\r\n5.	Project presentations and evaluation','retired','N.A.',0),('DATA201811','Jumpstart to iOS programming','For:  Students interested in to build iOS application\r\n\r\nPrerequisites: \r\n- You need a Mac to participate\r\n- Generally proficient in Java programming  as Swift has very similar syntax\r\n\r\nMin class size: 15 (the class will run only with min size)\r\nMax class size: 30\r\n\r\nInstructor: ONG Hong Seng\r\n\r\nSyllabus:\r\nThe key idea of the course is to give a jumpstart for student who are interested to build iOS apps\r\n1.	Getting started \r\n2.	Deploying app to simulator and device(s)\r\n3.	Coding in Swift\r\n4.	Building a simple app\r\n5.	Knowing how to progress with given iBooks','retired','N.A.',0),('DATA201812','Understanding Blockchain','For: Students interested in blockchain technology. \r\n \r\nPrerequisites:  Nil\r\n\r\nMin class size: 15 (the class will run only with min size)\r\nMax class size: 40\r\n \r\nInstructor: Trainer from NEM\r\n \r\nSyllabus Details:\r\nBlockchain 101 & NEM 101\r\nBlockchain 101 (1 day)\r\nIn this module  you will learn about what is Blockchain and its characteristics. It will bring you down the history of the emergence of Blockchain technology  what triggered it and how it caught the attention of the world. You will be exploring the important mechanisms of the Blockchain and how it can change the world around you. Most important of all  what role you can play.\r\nKey topics include:\r\n- The Technology behind Blockchain\r\n- Features of Blockchain\r\n- History of Blockchain\r\n- Features of Blockchain\r\nNEM 101 (1 day)\r\nIn this module  NEM will be introduced to you. Its history  its architectural design  its consensus protocol  its Smart Assets and their features. Comparison of NEM with other Blockchains and the advantages using NEM Blockchain will also be discussed. You will find everything you need to know before you take the leap of faith.\r\n- History of NEM\r\n- NEM architecture\r\n- Advantages of using NEM\r\n- NEM Assets\r\n- Harvesting\r\n- Consensus protocol\r\n- Comparison','retired','N.A.',0),('DATA201813','Dynamic Programming','For:\r\n1.   Students who have strong interests in algorithms\r\n2.   Prepare students for the course IS448 Introduction to Artificial Intelligence.\r\n \r\nPrerequisites: \r\nIS103 Computational Thinking\r\n \r\nMin class size: 5 (the class will run only if the min size is met)\r\nMax class size: 40\r\n \r\nInstructor:  DAI Bing Tian\r\n \r\nSyllabus Details:\r\n-	Recursion and Iteration\r\n-	Dynamic programming','not offered','N.A.',0),('DATA201814','Big Data Analytics with kdb+','For: Students interested in big data and using the kdb+ technology for ultra-high-speed processing of real-time  streaming and historical data.\r\n \r\nPrerequisites: \r\n-       Keen interest in big data\r\n-       Prior academic or professional experience with any programming language  i.e. Java  R  Python  Matlab\r\n-       Students must attend the introductory session on 17 Dec to take part in the hands-on workshop on 18 Dec\r\nMin class size: 15 (the class will run only with min size)\r\nMax class size: 30\r\n \r\nInstructor: Warren Yong & Eamonn McKernan\r\n \r\nAbout Kx: Kx is a global technology provider with 20 years of experience working with some of the world?s largest finance  technology  retail  pharma  manufacturing and energy institutions. Kx technology  incorporating the kdb+ time-series database  is a leader in high-performance  in-memory computing  streaming analytics and flexibility for high-volume  data-intensive analytics and applications across multiple industries.\r\n\r\nSyllabus Details:\r\nJoin us for 1.5 days of exciting sessions on the power Kx technology  interesting real-life use cases and a hands-on coding workshop.\r\n \r\nThe first session will entail explaining how Kx supports streaming analytics on extremely large datasets that would simply swamp traditional technologies. This talk is a perfect opportunity to learn about the power and scalability of Kx and how it can be applied to real-life business problems across a range of industries from Finance to retail and the evolving challenges of IoT and everywhere connected.\r\n \r\nThe follow-up full day workshop will help students gain insight into the world?s fastest time-series database  kdb+ and the many features of its q programming language. This hands-on session explains how kdb+ can address today?s data challenges. The program highlights the advantages of using q to analyse massive data sets and obtain real insights.\r\n\r\nAt the end of both days  students will receive a complementary Kx certification stipulating his/her completion of the introductory kdb+ Level 1 course including kdb+ concepts  programming and data mining techniques. Given our diversified client pool across institutions such as NASA  Red Bull Racing and closer to home  SGX  GIC and Standard Chartered  we encourage students to include this on their resumes for increased visibility during job searches as well as knowledge of the Kx technology which is highly relevant in the industry today!\r\n\r\nIn terms of transferable skills  students should be able to grasp through the workshop:\r\n1.	How information is captured and stored\r\n2.	How to query this information\r\n3.	What are the best techniques to mine this data\r\n4.	What are the best tools to visualise this data set\r\n5.	Architecture design','retired','N.A.',0),('DATA201901','Overview of Big Data with Kx','DATA201901 Description','retired','N.A.',0),('DATA201902','SAP Analytics Cloud','DATA201902 Description','retired','N.A.',0),('DATA201903','Quantum Leap','A gentle intorduction to quantum computing with real examples','retired','N.A.',0),('DATA201904','Blockchain and Smart Contracts','Hands on coding of blockchain and smart contracts','retired','N.A.',0),('DATA201905','How to explore and navigate analytic dashboards with TIBCO Spotfire X','DATA201905 Description','not offered','N.A.',0),('DATA202001','Overview of Big Data with Kx (Revised)','DATA202001 Description','retired','N.A.',0),('DATA202002','Analysing data made easy with SAP Analytics Cloud','DATA202002 Description','not offered','N.A.',0),('DATA202003','Data Analysis with Python','DATA202003 Description','retired','N.A.',0),('DATA202004','Quantum Leap','The overall objective of the course is to understand quantum computing','retired','N.A.',0),('DATA202005','Stress Management with Technology','Learn about the impact of stress and how to manage stress using technology','not offered','N.A.',0),('DATA202006','FISCO BCOS Blockchain & Hands-on Experience | WeBank Workshop','Gain the basic knowledge of FISCO BCOS and its open source community','retired','N.A.',0),('DATA202007','FISCO BCOS Blockchain & Hands-on Experience | WeBank Workshop','DATA202007 Description','retired','N.A.',0),('DATA202008','Intro to Digital Marketing','DATA202008 Description','retired','N.A.',0),('DATA202009','Acquia Certified Site Builder','DATA202009 Description','retired','N.A.',0),('DATA202010','Intro to Drupal','DATA202010 Description','retired','N.A.',0),('DATA202011','MuleSoft Workshop','DATA202011 Description','retired','N.A.',0),('DATA202101','Dashboard Specialist','DATA202101 Description','retired','N.A.',0),('DATA202102','Quantum Leap','DATA202102 Description','retired','N.A.',0),('DATA202103','Intro to FISCOS BCOS Blockchain | WeBank Workshop','DATA202103 Description','retired','N.A.',0),('DATA202104','Cybersecurity - Introduction to SSL Certificates','DATA202104 Description','retired','N.A.',0),('DATA202105','Python Programming for Data Analysis','students will learn the key Python libraries for exploring and manipulating real world data','retired','N.A.',0),('DATA202106','SAP Cloud Accelerated Learning Experience (S.C.A.L.E)','DATA202106 Description','retired','N.A.',0),('DATA202107','Pega System Architect Essentials','Begin your journey as a System Architect with Pega technology by learning the capabilities of the Pega Platform Reporting','retired','N.A.',0),('DATA202108','Mulesoft certification','DATA202108 Description','not offered','N.A.',0);
/*!40000 ALTER TABLE `course` ENABLE KEYS */;
UNLOCK TABLES;
/*!40103 SET TIME_ZONE=@OLD_TIME_ZONE */;

/*!40101 SET SQL_MODE=@OLD_SQL_MODE */;
/*!40014 SET FOREIGN_KEY_CHECKS=@OLD_FOREIGN_KEY_CHECKS */;
/*!40014 SET UNIQUE_CHECKS=@OLD_UNIQUE_CHECKS */;
/*!40101 SET CHARACTER_SET_CLIENT=@OLD_CHARACTER_SET_CLIENT */;
/*!40101 SET CHARACTER_SET_RESULTS=@OLD_CHARACTER_SET_RESULTS */;
/*!40101 SET COLLATION_CONNECTION=@OLD_COLLATION_CONNECTION */;
/*!40111 SET SQL_NOTES=@OLD_SQL_NOTES */;

-- Dump completed on 2021-09-13 10:52:55


--
-- Table structure for table `filtered_course`
--

DROP TABLE IF EXISTS `filtered_course`;
/*!40101 SET @saved_cs_client     = @@character_set_client */;
/*!50503 SET character_set_client = utf8mb4 */;
CREATE TABLE `filtered_course` (
  `Vote_Start` date NOT NULL,
  `Vote_End` date NOT NULL DEFAULT ((curdate() + interval 10 day)),
  `FCourse_Status` varchar(255) DEFAULT (_utf8mb4'ongoing'),
  `FCourse_ID` varchar(15) NOT NULL,
  PRIMARY KEY (`Vote_Start`,`FCourse_ID`),
  KEY `FCourse_ID` (`FCourse_ID`),
  CONSTRAINT `filtered_course_ibfk_1` FOREIGN KEY (`FCourse_ID`) REFERENCES `course` (`Course_ID`)
) ENGINE=InnoDB DEFAULT CHARSET=utf8mb4 COLLATE=utf8mb4_0900_ai_ci;
/*!40101 SET character_set_client = @saved_cs_client */;

--
-- Dumping data for table `filtered_course`
--

LOCK TABLES `filtered_course` WRITE;
/*!40000 ALTER TABLE `filtered_course` DISABLE KEYS */;
/*!40000 ALTER TABLE `filtered_course` ENABLE KEYS */;
UNLOCK TABLES;
/*!40103 SET TIME_ZONE=@OLD_TIME_ZONE */;

/*!40101 SET SQL_MODE=@OLD_SQL_MODE */;
/*!40014 SET FOREIGN_KEY_CHECKS=@OLD_FOREIGN_KEY_CHECKS */;
/*!40014 SET UNIQUE_CHECKS=@OLD_UNIQUE_CHECKS */;
/*!40101 SET CHARACTER_SET_CLIENT=@OLD_CHARACTER_SET_CLIENT */;
/*!40101 SET CHARACTER_SET_RESULTS=@OLD_CHARACTER_SET_RESULTS */;
/*!40101 SET COLLATION_CONNECTION=@OLD_COLLATION_CONNECTION */;
/*!40111 SET SQL_NOTES=@OLD_SQL_NOTES */;

-- Dump completed on 2021-09-13 10:52:56

--
-- Table structure for table `run`
--

DROP TABLE IF EXISTS `run`;
/*!40101 SET @saved_cs_client     = @@character_set_client */;
/*!50503 SET character_set_client = utf8mb4 */;
CREATE TABLE `run` (
  `Class` int(11) NOT NULL DEFAULT '1',
  `Registration_End` date NOT NULL DEFAULT ((curdate() + interval 10 day)),
  `Run_StartDate` date NOT NULL,
  `Run_EndDate` date NOT NULL DEFAULT ((curdate() + interval 21 day)),
  `Run_StartTime` time NOT NULL DEFAULT (curtime()),
  `Run_EndTime` time NOT NULL DEFAULT (addtime(curtime(),_utf8mb4'03:00:00')),
  `Run_Days` int(11) NOT NULL DEFAULT '1',
  `Run_MinSlots` int(11) NOT NULL DEFAULT '15',
  `Run_MaxSlots` int(11) NOT NULL DEFAULT '30',
  `Run_Status` varchar(255) NOT NULL DEFAULT (_utf8mb4'pending'),
  `Run_Venue` varchar(255) NOT NULL DEFAULT 'SIS SR 2.3',
  `Run_Fees` int(11) NOT NULL DEFAULT '15',
  `Run_Desc` varchar(255) NOT NULL DEFAULT 'A VERY DETAILED DESCRIPTION',
  `RunCourse_ID` varchar(15) NOT NULL,
  PRIMARY KEY (`Class`,`Run_StartDate`,`RunCourse_ID`),
  KEY `RunCourse_ID` (`RunCourse_ID`),
  CONSTRAINT `run_ibfk_1` FOREIGN KEY (`RunCourse_ID`) REFERENCES `course` (`Course_ID`)
) ENGINE=InnoDB DEFAULT CHARSET=utf8mb4 COLLATE=utf8mb4_0900_ai_ci;
/*!40101 SET character_set_client = @saved_cs_client */;

--
-- Dumping data for table `run`
--

LOCK TABLES `run` WRITE;
/*!40000 ALTER TABLE `run` DISABLE KEYS */;
INSERT INTO `run` VALUES (1,'2018-01-01','2018-01-02','2018-01-02','09:00:00','17:00:00',1,10,30,'ended','SIS SR2.4',13,'Nil','DATA201801'),(1,'2018-01-02','2018-01-03','2018-01-05','09:00:00','17:00:00',3,20,30,'ended','SIS SR2.4',34,'Nil','DATA201802'),(1,'2018-01-02','2018-01-03','2018-01-03','14:00:00','17:00:00',1,5,40,'ended','SIS SR 2.3',11,'Nil','DATA201813'),(1,'2018-05-01','2018-05-02','2018-05-03','09:00:00','17:00:00',2,10,30,'ended','SR2.4',21,'Nil','DATA201803'),(1,'2018-05-06','2018-05-07','2018-05-08','12:00:00','18:00:00',2,12,45,'ended','SR3.3',21,'Nil','DATA201804'),(1,'2018-05-08','2018-05-09','2018-05-10','09:30:00','17:00:00',3,12,25,'ended','SIS SR 2.3',43,'Nil','DATA201805'),(1,'2018-05-15','2018-05-16','2018-05-16','10:00:00','13:00:00',1,5,45,'ended','SIS SR 2.3',11,'Nil','DATA201806'),(1,'2018-05-16','2018-05-17','2018-05-17','10:30:00','15:30:00',1,15,30,'ended','SIS SR 2.3',11,'Nil','DATA201807'),(1,'2018-05-20','2018-05-21','2018-05-22','09:00:00','17:00:00',2,10,40,'ended','SIS SR 2.3',21,'Nil','DATA201808'),(1,'2018-06-19','2018-06-20','2018-06-20','10:00:00','17:00:00',1,5,45,'ended','SIS SRB1-1',11,'Nil','DATA201809'),(1,'2018-08-12','2018-08-13','2018-08-17','09:30:00','12:30:00',5,15,30,'ended','SIS SR 2.3',21,'Nil','DATA201810'),(1,'2018-08-12','2018-08-13','2018-08-14','10:00:00','17:00:00',2,15,30,'ended','SIS SR 2.3',21,'Nil','DATA201811'),(1,'2018-12-16','2018-12-17','2018-12-18','09:30:00','17:00:00',2,15,30,'ended','SIS SR2.4',21,'Nil','DATA201814'),(1,'2019-01-02','2019-01-03','2019-01-04','09:00:00','17:00:00',2,15,40,'ended','SIS SR 2.3',21,'Nil','DATA201812'),(1,'2019-04-28','2019-04-29','2019-04-30','09:00:00','17:00:00',2,15,30,'ended','SIS SR 2.3',21,'Nil','DATA201901'),(1,'2019-05-01','2019-05-02','2019-05-02','09:00:00','17:00:00',1,15,30,'ended','SIS SR 2.3',11,'Nil','DATA201902'),(1,'2019-06-04','2019-06-05','2019-06-05','10:00:00','13:00:00',1,5,40,'ended','SIS SR 2.3',0,'Nil','DATA201903'),(1,'2019-06-18','2019-06-19','2019-06-19','10:00:00','17:00:00',1,5,30,'ended','SIS SR 2.3',11,'Nil','DATA201904'),(1,'2019-10-02','2019-10-03','2019-10-03','19:15:00','21:15:00',1,15,40,'ended','SIS SR 2.3',0,'Nil','DATA201905'),(1,'2020-05-04','2020-05-05','2020-05-06','09:00:00','17:00:00',2,15,30,'ended','SIS SR 2.3',21,'Nil','DATA202001'),(1,'2020-05-10','2020-05-11','2020-12-15','09:00:00','17:00:00',1,25,50,'ended','SIS SR 2.3',11,'Nil','DATA202002'),(1,'2020-05-11','2020-05-12','2020-05-13','10:00:00','12:00:00',1,15,30,'ended','SIS SR 2.3',15,'Nil','DATA202007'),(1,'2020-05-25','2020-05-26','2020-05-28','09:30:00','17:30:00',3,15,40,'ended','SIS SR 2.3',21,'Nil','DATA202003'),(1,'2020-06-30','2020-07-01','2020-07-01','09:00:00','17:00:00',1,5,30,'ended','SIS SR 2.3',10,'Nil','DATA202004'),(1,'2020-06-30','2020-07-01','2020-07-02','09:00:00','17:00:00',1,15,30,'ended','SIS SR 2.3',15,'Nil','DATA202011'),(1,'2020-07-21','2020-07-22','2020-07-23','09:00:00','17:00:00',1,10,30,'ended','SIS SR 2.3',10,'Nil','DATA202005'),(1,'2020-07-28','2020-07-29','2020-07-29','09:00:00','13:00:00',1,10,80,'ended','SIS SR 2.3',0,'Nil','DATA202006'),(1,'2020-08-11','2020-08-12','2020-08-13','19:30:00','21:30:00',1,15,30,'ended','SIS SR 2.3',15,'Nil','DATA202008'),(1,'2020-10-05','2020-10-06','2020-10-06','09:00:00','17:00:00',1,15,30,'ended','SIS SR 2.3',15,'Nil','DATA202010'),(1,'2020-10-29','2020-10-30','2020-10-30','09:00:00','17:00:00',1,15,30,'ended','SIS SR 2.3',15,'Nil','DATA202009'),(1,'2021-02-19','2021-02-20','2021-03-13','00:00:00','00:00:00',1,15,30,'ended','SIS SR 2.3',0,'Nil','DATA202101'),(1,'2021-05-03','2021-05-04','2021-05-04','10:00:00','17:00:00',1,10,30,'ended','SIS SR 2.3',0,'Nil','DATA202102'),(1,'2021-05-13','2021-05-14','2021-05-14','09:00:00','12:00:00',1,10,80,'ended','SIS SR 2.3',0,'Nil','DATA202103'),(1,'2021-05-19','2021-05-20','2021-05-20','10:00:00','17:00:00',1,10,40,'ended','SIS SR 2.3',0,'Nil','DATA202104'),(1,'2021-05-31','2021-06-01','2021-06-05','00:00:00','00:00:00',1,15,30,'ended','SIS SR 2.3',15,'Nil','DATA202108'),(1,'2021-07-14','2021-07-15','2021-07-30','09:30:00','17:30:00',10,15,30,'ended','SIS SR 2.3',0,'Nil','DATA202107'),(1,'2021-07-21','2021-07-22','2021-08-27','00:00:00','00:00:00',6,15,30,'ended','SIS SR 2.3',0,'Nil','DATA202106'),(1,'2021-07-27','2021-07-28','2021-07-30','09:30:00','17:00:00',3,15,40,'ended','SIS SR 2.3',0,'Nil','DATA202105');
/*!40000 ALTER TABLE `run` ENABLE KEYS */;
UNLOCK TABLES;
/*!40103 SET TIME_ZONE=@OLD_TIME_ZONE */;

/*!40101 SET SQL_MODE=@OLD_SQL_MODE */;
/*!40014 SET FOREIGN_KEY_CHECKS=@OLD_FOREIGN_KEY_CHECKS */;
/*!40014 SET UNIQUE_CHECKS=@OLD_UNIQUE_CHECKS */;
/*!40101 SET CHARACTER_SET_CLIENT=@OLD_CHARACTER_SET_CLIENT */;
/*!40101 SET CHARACTER_SET_RESULTS=@OLD_CHARACTER_SET_RESULTS */;
/*!40101 SET COLLATION_CONNECTION=@OLD_COLLATION_CONNECTION */;
/*!40111 SET SQL_NOTES=@OLD_SQL_NOTES */;

-- Dump completed on 2021-09-13 10:52:55

--
-- Table structure for table `role`
--

DROP TABLE IF EXISTS `role`;
/*!40101 SET @saved_cs_client     = @@character_set_client */;
/*!50503 SET character_set_client = utf8mb4 */;
CREATE TABLE `role` (
  `Role_ID` int(11) NOT NULL,
  `Role_Name` varchar(255) DEFAULT NULL,
  PRIMARY KEY (`Role_ID`)
) ENGINE=InnoDB DEFAULT CHARSET=utf8mb4 COLLATE=utf8mb4_0900_ai_ci;
/*!40101 SET character_set_client = @saved_cs_client */;

--
-- Dumping data for table `role`
--

LOCK TABLES `role` WRITE;
/*!40000 ALTER TABLE `role` DISABLE KEYS */;
INSERT INTO `role` VALUES (1,'Student'),(2,'Admin'),(3,'Instructor'),(4,'Management'),(5,'Pending');
/*!40000 ALTER TABLE `role` ENABLE KEYS */;
UNLOCK TABLES;
/*!40103 SET TIME_ZONE=@OLD_TIME_ZONE */;

/*!40101 SET SQL_MODE=@OLD_SQL_MODE */;
/*!40014 SET FOREIGN_KEY_CHECKS=@OLD_FOREIGN_KEY_CHECKS */;
/*!40014 SET UNIQUE_CHECKS=@OLD_UNIQUE_CHECKS */;
/*!40101 SET CHARACTER_SET_CLIENT=@OLD_CHARACTER_SET_CLIENT */;
/*!40101 SET CHARACTER_SET_RESULTS=@OLD_CHARACTER_SET_RESULTS */;
/*!40101 SET COLLATION_CONNECTION=@OLD_COLLATION_CONNECTION */;
/*!40111 SET SQL_NOTES=@OLD_SQL_NOTES */;

-- Dump completed on 2021-09-13 10:52:56


--
-- Table structure for table `user`
--

DROP TABLE IF EXISTS `user`;
/*!40101 SET @saved_cs_client     = @@character_set_client */;
/*!50503 SET character_set_client = utf8mb4 */;
CREATE TABLE `user` (
  `User_ID` int(11) NOT NULL AUTO_INCREMENT,
  `User_Name` varchar(255) NOT NULL,
  `User_Email` varchar(255) NOT NULL,
  `User_Password` varchar(255) NOT NULL,
  `URole_ID` int(11) NOT NULL,
  `Verified` tinyint(1) DEFAULT '0',
  PRIMARY KEY (`User_ID`),
  UNIQUE KEY `User_Email` (`User_Email`),
  KEY `URole_ID` (`URole_ID`),
  CONSTRAINT `user_ibfk_1` FOREIGN KEY (`URole_ID`) REFERENCES `role` (`Role_ID`)
) ENGINE=InnoDB AUTO_INCREMENT=88888890 DEFAULT CHARSET=utf8mb4 COLLATE=utf8mb4_0900_ai_ci;
/*!40101 SET character_set_client = @saved_cs_client */;

--
-- Dumping data for table `user`
--

LOCK TABLES `user` WRITE;
/*!40000 ALTER TABLE `user` DISABLE KEYS */;
INSERT INTO `user` VALUES (1,'Joel Yang','joel.yang.2019@smu.edu.sg','Password',1,0),(2,'Brendon Lim','brendon.lim.2018@smu.edu.sg','Password',1,0),(3,'Too Min Jay','minjay.too.2020@smu.edu.sg','Password',1,0),(4,'Alyssa Siow','alyssa.siow.2019@smu.edu.sg','Password',1,0),(5,'Muhamed Arifin','marifin.2018@smu.edu.sg','Password',1,0),(6,'Lim Zhi Hao','zhihao.lim.2019@smu.edu.sg','Password',1,0),(7,'Arthur Hain','arthur.hain.2020@smu.edu.sg','Password',1,0),(8,'Biondi Lee','biondi.lee.2020@smu.edu.sg','Password',1,0),(9,'Koh Shi Ying Selene','selene.koh.2019@smu.edu.sg','Password',1,0),(10,'Tan Ting Cher Benjamin','benjamintan.2020@smu.edu.sg','Password',1,0),(11,'Hua Juan','huajuan.tan.2019@smu.edu.sg','Password',1,0),(12,'Gladys Tan Shi Qi','gladys.tan.2019@smu.edu.sg','Password',1,0),(13,'Chen Tianyu','tianyu.chen.2020@smu.edu.sg','Password',1,0),(14,'Tong My Linh','mylinh.tong.2020@smu.edu.sg','Password',1,0),(15,'Vu Quang Minh','qmvu.2020@smu.edu.sg','Password',1,0),(16,'Frances Severino','smaranan.2019@smu.edu.sg','Password',1,0),(17,'An Guohao (Johnan An)','guohao.an.2016@smu.edu.sg','Password',1,0),(18,'Yap Jin Yi Cynthia','cynthia.yap.2019@smu.edu.sg','Password',1,0),(19,'Cao Yuanyuan','yycao.2019@smu.edu.sg','Password',1,0),(20,'Charlotte Chua','znchua.2019@smu.edu.sg','Password',1,0),(21,'Vrinda Bahl','vrinda.bahl.2019@smu.edu.sg','Password',1,0),(22,'Brandon Tan Jun Da','brandontan.2019@smu.edu.sg','Password',1,0),(23,'G Shaamini','shaaminig.2019@smu.edu.sg','Password',1,0),(24,'Esther Lam Xuan Yi','esther.lam.2020@smu.edu.sg','Password',1,0),(25,'Kim Han Nah','hannah.kim.2020@smu.edu.sg','Password',1,0),(26,'Ng Li Ye','liye.ng.2020@smu.edu.sg','Password',1,0),(27,'Lee Kwan Yang','kylee.2018@smu.edu.sg','Password',1,0),(28,'Cindy Clara','cindyclara.2020@smu.edu.sg','Password',1,0),(29,'Jowett Chng kai cheng','jowett.chng.2020@smu.edu.sg','Password',1,0),(30,'Lee Ruei Lynn','rueilynnlee.2020@smu.edu.sg','Password',1,0),(31,'Renee Lee','reneelee.2020@smu.edu.sg','Password',1,0),(32,'Akshaya Natarajan','akshayan.2020@smu.edu.sg','Password',1,0),(33,'Sneha Murali','snehamurali.2020@smu.edu.sg','Password',1,0),(34,'Emmanuel Oh Eu-Gene','emmanueloh.2019@smu.edu.sg','Password',1,0),(35,'Er Soon Hao','soonhao.er.2019@smu.edu.sg','Password',1,0),(36,'Esther Teo Min','estherteo.2019@smu.edu.sg','Password',1,0),(37,'Tay Hui Lin','huilin.tay.2020@smu.edu.sg','Password',1,0),(38,'Yeo Jing Yi','jingyi.yeo.2020@smu.edu.sg','Password',1,0),(39,'Kavan Chua Wei Hong','kavan.chua.2020@smu.edu.sg','Password',1,0),(40,'Jennifer Wang Xue?Er','xewang.2020@smu.edu.sg','Password',1,0),(41,'Rose Lin','xinrose.lin.2020@smu.edu.sg','Password',1,0),(42,'Gracia Yuwono Kwantalalu','graciay.2017@smu.edu.sg','Password',1,0),(43,'ARAVINTH','chockaling.2020@smu.edu.sg','Password',1,0),(44,'Kwan Chong Hui','chkwan.2020@smu.edu.sg','Password',1,0),(45,'Lew Yong Jiun','yjlew.2020@smu.edu.sg','Password',1,0),(46,'Yvette Wong','yvette.wong.2020@smu.edu.sg','Password',1,0),(47,'Soh Qi Hui, Amanda','amanda.soh.2020@smu.edu.sg','Password',1,0),(48,'Kruise Tog','kruise.tog.2020@smu.edu.sg','Password',1,0),(49,'Liam Wells Ayathan','ayathan.2020@smu.edu.sg','Password',1,0),(50,'Lee Car Men','carmen.lee.2020@smu.edu.sg','Password',1,0),(51,'YU XINYAO','xinyao.yu.2017@smu.edu.sg','Password',1,0),(52,'Isaac Einstein Fong','isaacfong.2019@smu.edu.sg','Password',1,0),(53,'Nabilah Binte Azhar','nabilaha.2018@smu.edu.sg','Password',1,0),(54,'Rachel Low Man Ping @Rachelina','rachellow.2019@smu.edu.sg','Password',1,0),(55,'Chung keng yao','kychung.2019@smu.edu.sg','Password',1,0),(56,'Teo Kai Lun, Felicia','felicia.teo.2019@smu.edu.sg','Password',1,0),(57,'Jaslyn Yeo Jia Hui','jaslyn.yeo.2017@smu.edu.sg','Password',1,0),(58,'Vera Chua','vera.chua.2019@smu.edu.sg','Password',1,0),(59,'Balamuniappan Varunesh','balamuniap.2019@smu.edu.sg','Password',1,0),(60,'Chelsea Lim Shin Yen','chelsea.lim.2019@smu.edu.sg','Password',1,0),(61,'Mikail Bin Mohd Ismail','mikailmi.2018@smu.edu.sg','Password',1,0),(62,'Toh Jun Long','junlong.toh.2019@smu.edu.sg','Password',1,0),(63,'Rozalin Mohanty','rozalinm.2017@smu.edu.sg','Password',1,0),(64,'Loo Eu Gene','eugene.loo.2019@smu.edu.sg','Password',1,0),(65,'Han Xingjian','xjhan.2019@smu.edu.sg','Password',1,0),(66,'Timothy Ngoi Yoon Chien','timothyngoi.2019@smu.edu.sg','Password',1,0),(67,'Kevan Oktavio','kevano.2020@smu.edu.sg','Password',1,0),(68,'Nadya Nagata','nadyanagata.2018@smu.edu.sg','Password',1,0),(69,'Sarah Ann Hogan','sahogan.2020@smu.edu.sg','Password',1,0),(70,'Lim Ye Ju','yeju.lim.2017@smu.edu.sg','Password',1,0),(71,'Wan Ding Yao','dingyao.wan.2017@smu.edu.sg','Password',1,0),(72,'LING HUANG','ling.huang.2019@smu.edu.sg','Password',1,0),(73,'Prashant Kumar','prashantk.2020@smu.edu.sg','Password',1,0),(74,'Chiang Teng Hui','thchiang.2020@smu.edu.sg','Password',1,0),(75,'Aishwarya Krishna Prasad','aishwaryakp.2020@smu.edu.sg','Password',1,0),(76,'mengyuan tan','mengyuantan.2020@smu.edu.sg','Password',1,0),(77,'elaine lee','elaine.lee.2018@smu.edu.sg','Password',1,0),(78,'NianLiu','nian.liu.2020@smu.edu.sg','Password',1,0),(79,'Manish Agarwal','manisha.2019@smu.edu.sg','Password',1,0),(80,'E-Lynn','elynn.toh.2020@smu.edu.sg','Password',1,0),(81,'Lynn Lin','yuting.lin.2019@smu.edu.sg','Password',1,0),(82,'Li Ben','ben.li.2020@smu.edu.sg','Password',1,0),(83,'YU YAXIN','yaxin.yu.2020@smu.edu.sg','Password',1,0),(84,'TAN SHI QIANG RON','ron.tan.2020@smu.edu.sg','Password',1,0),(85,'Nguyen Huynh Long Hung','hlhnguyen.2020@smu.edu.sg','Password',1,0),(86,'Yee Hong Ming Bryan','bryan.yee.2019@smu.edu.sg','Password',1,0),(87,'Archie Dolit','aqdolit.2020@smu.edu.sg','Password',1,0),(88,'Gabriella Pauline Djojosaputro','gabriellad.2020@smu.edu.sg','Password',1,0),(89,'Mike Phan','tmphan.2020@smu.edu.sg','Password',1,0),(90,'Rajan Tiwari','rajant.2020@smu.edu.sg','Password',1,0),(91,'Madeline Lim','madelinelim.2020@smu.edu.sg','Password',1,0),(92,'Gerry Yap','gerry.yap.2019@smu.edu.sg','Password',1,0),(93,'LI CHEN','lichen.2020@smu.edu.sg','Password',1,0),(94,'WANG XINGWEN','xwwang.2019@smu.edu.sg','Password',1,0),(95,'HUANG SHAN','shan.huang.2020@smu.edu.sg','Password',1,0),(96,'Pinging You','ppyou.2019@smu.edu.sg','Password',1,0),(97,'Chew Siew Tiang','stchew.2019@smu.edu.sg','Password',1,0),(98,'Yoong Kwek Yuan','kyyoong.2019@smu.edu.sg','Password',1,0),(99,'Linus Ong','linus.ong.2020@smu.edu.sg','Password',1,0),(100,'ZENG Linlin','linlin.zeng.2020@smu.edu.sg','Password',1,0),(101,'Lau Jiajie, Richmond','richmondlau.2019@smu.edu.sg','Password',1,0),(102,'Wong Chun Keet','ckwong.2020@smu.edu.sg','Password',1,0),(103,'Eddy Cheng','eddy.cheng.2018@smu.edu.sg','Password',1,0),(104,'Lee Wenqing','wenqing.lee.2019@smu.edu.sg','Password',1,0),(105,'Sean Chua','sean.chua.2020@smu.edu.sg','Password',1,0),(106,'Ang Teng Shuen Jason','jats9696@gmail.com','Password',1,0),(107,'Ang Wilson Peng Yi','wilson.ang.2019@business.smu.edu.sg','Password',1,0),(108,'Bahl Vrinda','vrinda.bahl.2019@sis.smu.edu.sg','Password',1,0),(109,'Basak Indra','indra.basak.2020@smu.edu.sg','Password',1,0),(110,'Bathija Yashna','yashnab.2019@business.smu.edu.sg','Password',1,0),(111,'Binte Riduan Dian Farah','dianfarahr.2019@sis.smu.edu.sg','Password',1,0),(112,'Chan Ryan','ryan.chan.2019@sis.smu.edu.sg','Password',1,0),(113,'Chan Remus','remus.chan.2019@sis.smu.edu.sg','Password',1,0),(114,'Chan Deborah','deborahchan.2019@sis.smu.edu.sg','Password',1,0),(115,'Chandra Stanford','stanfordc.2020@sis.smu.edu.sg','Password',1,0),(116,'Cheah King Yeh','kycheah.2020@sis.smu.edu.sg','Password',1,0),(117,'Cheang Andrea','andrea.cheang18@gmail.com','Password',1,0),(118,'Chen Denzel','denzelchen.2019@business.smu.edu.sg','Password',1,0),(119,'Cheong Quinn','quinncheong@hotmail.com','Password',1,0),(120,'Chew Grace','grace.chew.2020@business.smu.edu.sg','Password',1,0),(121,'Chew Geraldine','geraldinecjh@gmail.com','Password',1,0),(122,'Chew Jason','jason.chew.2019@sis.smu.edu.sg','Password',1,0),(123,'Chin Wei Liang','wlchin.2019@sis.smu.edu.sg','Password',1,0),(124,'Chin Adeline','adelinechin.2017@business.smu.edu.sg','Password',1,0),(125,'Chong Kathyrn','kathyrnchong@gmail.com','Password',1,0),(126,'Chua Xiu Ling','xiulingchua99@gmail.com','Password',1,0),(127,'Chua Xiu Ling','xlchua.2019@sis.smu.edu.sg','Password',1,0),(128,'Dhwani Patel','DHWANI001@e.ntu.edu.sg','Password',1,0),(129,'Ding Jaye','jayeding.cj@gmail.com','Password',1,0),(130,'Fong Isaac Einstein','isaacfong.2019@sis.smu.edu.sg','Password',1,0),(131,'Gan Kai Xian','kaixian.gan.2018@smu.edu.sg','Password',1,0),(132,'Ho Eric','erichjy15@gmail.com','Password',1,0),(133,'Hong Sebastian','sebkx@outlook.com','Password',1,0),(134,'Hui Wen Tay','tayhuiwen1@gmail.com','Password',1,0),(135,'Kasibhatla Shreya','shreyak.2018@economics.smu.edu.sg','Password',1,0),(136,'Khoo Chee Kuang','ckkhoo.2019@sis.smu.edu.sg','Password',1,0),(137,'kim esther','eunjin.kim.2020@sis.smu.edu.sg','Password',1,0),(138,'Kitiarsa Tantham','tanthamk.2019@sis.smu.edu.sg','Password',1,0),(139,'Koh Ian','iankohsemail@gmail.com','Password',1,0),(140,'Koh See Kee','kohseekee@gmail.com','Password',1,0),(141,'Koh Ian','ian.koh.2019@sis.smu.edu.sg','Password',1,0),(142,'Koh Wei Yang','weiyang.koh.2018@economics.smu.edu.sg','Password',1,0),(143,'Kwa Verwin','verwin.kwa.2019@sis.smu.edu.sg','Password',1,0),(144,'Kwek Sin Yee','sinyeekwek@gmail.com','Password',1,0),(145,'Lam Esther','esther.lam.2020@business.smu.edu.sg','Password',1,0),(146,'Lau Li Qing','liqing.lau.2020@sis.smu.edu.sg','Password',1,0),(147,'Lee Wai Hong','leewaihong96@gmail.com','Password',1,0),(148,'Lee Darryl','shinobazuu@gmail.com','Password',1,0),(149,'Lee Ying Xi','yingxi.lee.2017@smu.edu.sg','Password',1,0),(150,'Lee Charmaine','charmainelee99@gmail.com','Password',1,0),(152,'Lee Lynn','lynnjy98@gmail.com','Password',1,0),(153,'Lee Wen','wen.lee.2019@smu.edu.sg','Password',1,0),(154,'Lee Chaehyun','chaehyunlee.2018@business.smu.edu.sg','Password',1,0),(155,'Lee Wen Wei Elycia','elycia.lee.2018@business.smu.edu.sg','Password',1,0),(156,'Lim Xing Yu','xinelim@hotmail.com','Password',1,0),(157,'Lim Zhi Hao','zhihao.lim.2019@sis.smu.edu.sg','Password',1,0),(158,'Lim Chelsea','chelsea.lim.2019@sis.smu.edu.sg','Password',1,0),(159,'Lim Yin Shan','yinshan.lim.2019@sis.smu.edu.sg','Password',1,0),(160,'Lim Soophie','soophie.lim.2019@business.smu.edu.sg','Password',1,0),(161,'Lim Zhi','limzhihuan@gmail.com','Password',1,0),(162,'Lim Javier','javierlim1998@gmail.com','Password',1,0),(163,'Lim Bing','bing.lim.2020@smu.edu.sg','Password',1,0),(164,'Lim Kimberly','Kimberlylim.2018@business.smu.edu.sg','Password',1,0),(165,'Liu Tze Hui','tzehui.liu.2018@business.smu.edu.sg','Password',1,0),(166,'Low Joey','joeylbaoer@gmail.com','Password',1,0),(167,'Low Rachel @Rachelina','rachellow.2019@sis.smu.edu.sg','Password',1,0),(168,'Mak Claire','claire.mak.2019@business.smu.edu.sg','Password',1,0),(169,'Manikandan Isha','isham.2020@sis.smu.edu.sg','Password',1,0),(170,'Min Tun Myo','mintunxd@gmail.com','Password',1,0),(171,'Min Tun Myo','mintun.myo.2020@sis.smu.edu.sg','Password',1,0),(172,'Nah Yi Yun','yiyun.nah.2019@sis.smu.edu.sg','Password',1,0),(173,'Nandamuri Spandana','spandananandamuri1@gmail.com','Password',1,0),(174,'Natarajan Akshaya','akshayan.2020@sis.smu.edu.sg','Password',1,0),(175,'Naval Djulian','dbnaval.2019@smu.edu.sg','Password',1,0),(176,'Neo Clarissa','clarissaneo.2019@smu.edu.sg','Password',1,0),(177,'ng xuan yi','xuanyi.ng.2018@business.smu.edu.sg','Password',1,0),(178,'Ng En Shing','enshing23@hotmail.com','Password',1,0),(179,'Ng Xun Jie','xunjie.ng.2018@smu.edu.sg','Password',1,0),(180,'Ng Ling Ling','lingling.ng.2019@economics.smu.edu.sg','Password',1,0),(181,'Ngatino Muhamad Nur Hakim','muhamadn.2017@business.smu.edu.sg','Password',1,0),(182,'Ong Yan Ning','yanning.ong.2018@smu.edu.sg','Password',1,0),(183,'Ong Jia Le','jiale.ong.2019@sis.smu.edu.sg','Password',1,0),(184,'ong joel','Joelong0097@gmail.com','Password',1,0),(185,'Ong Keifer','keifer.ong.2019@business.smu.edu.sg','Password',1,0),(186,'ong shi qi Clement','clementongsq@gmail.com','Password',1,0),(187,'Ong Yi Ward','wardong.2020@business.smu.edu.sg','Password',1,0),(188,'Pandithurai Maaruni','maarunip.2020@sis.smu.edu.sg','Password',1,0),(189,'Pham Trang','phamlektrang@gmail.com','Password',1,0),(190,'Pham Le Khanh Trang','lktpham.2020@business.smu.edu.sg','Password',1,0),(191,'Phua Hui Qi','hqphua21@gmail.com','Password',1,0),(192,'Quan Denise','denise.quan.2019@business.smu.edu.sg','Password',1,0),(193,'Sadri Nika','nikasadats.2019@business.smu.edu.sg','Password',1,0),(194,'Seah Nicole','nicoleseah272@gmail.com','Password',1,0),(195,'Seah Bryan','bryan_sjj@hotmail.com','Password',1,0),(196,'Seng Mei Lin','meilin.seng.2018@business.smu.edu.sg','Password',1,0),(197,'Severino Frances','smaranan.2019@sis.smu.edu.sg','Password',1,0),(198,'sim Celine','celine.sim.2019@smu.edu.sg','Password',1,0),(199,'Sim Isabelle','isabellesimht@gmail.com','Password',1,0),(200,'Sing Crystal','crystalsing.2018@business.smu.edu.sg','Password',1,0),(201,'Singh Jahnvi Raj','jahnvirajs.2020@sis.smu.edu.sg','Password',1,0),(202,'Tan Cheryl','cheryltan30@gmail.com','Password',1,0),(203,'Tan Ding Xiang','dingxiangtan@gmail.com','Password',1,0),(204,'Tan Xuan Rui','iurnauxnat@gmail.com','Password',1,0),(205,'Tan Vera','vera.tan.2019@business.smu.edu.sg','Password',1,0),(206,'Tan Jia Leng','jialeng.tan.2019@sis.smu.edu.sg','Password',1,0),(207,'Tan Sean','seantan.2019@sis.smu.edu.sg','Password',1,0),(208,'Tan Rhys','rhys.tan.2020@sis.smu.edu.sg','Password',1,0),(209,'Tan Eddrick','qizhong.tan.2019@business.smu.edu.sg','Password',1,0),(210,'Tan Jeremy','jeremy.tan.2019@sis.smu.edu.sg','Password',1,0),(211,'Tan Savina','savina.tan.2018@sis.smu.edu.sg','Password',1,0),(212,'Tan Jonathan','jonathantan1425@gmail.com','Password',1,0),(213,'Tan Shi Qi Gladys','gladys.tan.2019@sis.smu.edu.sg','Password',1,0),(214,'Tay Selena','selena.tay.2019@sis.smu.edu.sg','Password',1,0),(215,'Tay Amelia','amelia.tay.2020@sis.smu.edu.sg','Password',1,0),(216,'Teh Anna','anna.teh.2019@business.smu.edu.sg','Password',1,0),(217,'Teo Jacky','jacky.teo.2020@sis.smu.edu.sg','Password',1,0),(218,'Teo Nian Kai','niankai.teo.2019@sis.smu.edu.sg','Password',1,0),(219,'Teoh Jasmine','jasmineteoh.2019@sis.smu.edu.sg','Password',1,0),(220,'Teoh Jordan','jordan.teoh28@gmail.com','Password',1,0),(221,'Tew Sze','szekee.tew.2019@economics.smu.edu.sg','Password',1,0),(222,'Thiruppathi Anuprabha','anuprabhat.2020@sis.smu.edu.sg','Password',1,0),(223,'Toh Jia Ze','jiazetoh@gmail.com','Password',1,0),(224,'Tok Wei Cheng','wctok.2020@business.smu.edu.sg','Password',1,0),(225,'Tong Isabelle','isabelle.renee.tong@gmail.com','Password',1,0),(226,'Too Karl Jun','Karljunior099@gmail.com','Password',1,0),(227,'Tseng Anna','annnatseng@gmail.com','Password',1,0),(228,'Voon Vanessa','nessavoon@hotmail.com','Password',1,0),(229,'Wang Shurui','srwang.2019@sis.smu.edu.sg','Password',1,0),(230,'Wang Xun Jie','xunjie.wang.2019@smu.edu.sg','Password',1,0),(231,'Wong Joshua','joshua.wong.2019@sis.smu.edu.sg','Password',1,0),(232,'Woon Sean','seanny007@gmail.com','Password',1,0),(233,'Woon Sean','sean.woon.2020@sis.smu.edu.sg','Password',1,0),(234,'Woon Jiemin','jieminwn@gmail.com','Password',1,0),(235,'Yap Natalie','natalie.yap.2017@smu.edu.sg','Password',1,0),(236,'Yap Matthew','matthew.yap.2020@smu.edu.sg','Password',1,0),(238,'Yeo Bao Shin','baoshin.yeo.2019@accountancy.smu.edu.sg','Password',1,0),(239,'Yeo Reyna','reyyeomk@gmail.com','Password',1,0),(240,'Yeo Jermyn','jermyn1999@gmail.com','Password',1,0),(241,'Yeo Bao Shin','baoshin.yeo.2019@smu.edu.sg','Password',1,0),(242,'Yiap Andrea','andrea.yiap.2018@sis.smu.edu.sg','Password',1,0),(243,'Yong Javier','javieryong.2019@sis.smu.edu.sg','Password',1,0),(244,'Yong Woon Hao','yongwh99@hotmail.com','Password',1,0),(245,'Yuen Kah May','kahmay.yuen.2020@sis.smu.edu.sg','Password',1,0),(246,'Zhang Yimei','yimei.zhang.2020@sis.smu.edu.sg','Password',1,0),(247,'Zhao Qi','qi.zhao.2019@smu.edu.sg','Password',1,0),(248,'Zheng Xinxin','xxzheng.2018@sis.smu.edu.sg','Password',1,0),(249,'Sonakshi Gupta','sonakshig.2017@smu.edu.sg','Password',1,0),(250,'Pearlyn Loh Woon Qing','pearlyn.loh.2019@smu.edu.sg','Password',1,0),(251,'Yuen Huiqi','huiqi.yuen.2019@smu.edu.sg','Password',1,0),(252,'Kim Eun Jin','eunjin.kim.2020@smu.edu.sg','Password',1,0),(253,'Goh Kok Hong','kokhong.goh.2018@smu.edu.sg','Password',1,0),(254,'Jeffvinder Singh','jeffvinders.2019@smu.edu.sg','Password',1,0),(255,'Lum Eng Kit','eklum@smu.edu.sg','Password',1,0),(256,'Rafael Jose Barros Barrios','rafaelbarros@smu.edu.sg','Password',1,0),(257,'Chua Hong Ngoh','hnchua@smu.edu.sg','Password',1,0),(258,'Lee Yin Yin Fiona','fionalee@smu.edu.sg','Password',1,0),(259,'Nguyen Ha Quan','hqnguyen.2021@smu.edu.sg','Password',1,0),(260,'Meng Deren','deren.meng.2019@smu.edu.sg','Password',1,0),(261,'Gan Shao Hong','shgan.2019@smu.edu.sg','Password',1,0),(262,'WANG SHURUI','srwang.2019@smu.edu.sg','Password',1,0),(263,'He Yuxu','yxhe.2021@smu.edu.sg','Password',1,0),(264,'Shahrul Abbas','shahrulah.2019@smu.edu.sg','Password',1,0),(265,'agnes lam','agnes.lam.2018@smu.edu.sg','Password',1,0),(266,'Akshaya Lakshmi Narasimhan','akshayan.2019@smu.edu.sg','Password',1,0),(267,'Ng Jun Hng Aloysius','aloysius.ng.2020@smu.edu.sg','Password',1,0),(268,'Tan Yisheng Alvan','alvan.tan.2019@smu.edu.sg','Password',1,0),(270,'Andre Eu','andre.eu.2018@smu.edu.sg','Password',1,0),(271,'Andrea Gomez','andreagomez.2018@smu.edu.sg','Password',1,0),(272,'Hardyanto Putra Antoni','antonitan.2018@smu.edu.sg','Password',1,0),(273,'Vdovenko Anton','avdovenko.2019@smu.edu.sg','Password',1,0),(274,'Nandita Banna','bannan.2019@smu.edu.sg','Password',1,0),(275,'Brianna','brianna.lau.2019@smu.edu.sg','Password',1,0),(276,'Bryan Tay','bryan.tay.2019@smu.edu.sg','Password',1,0),(278,'Bryan Bramaskara','bryanb.2018@smu.edu.sg','Password',1,0),(279,'Clarence Andre','candre.2019@smu.edu.sg','Password',1,0),(280,'Chantel Er Wan Ling','chantel.er.2018@smu.edu.sg','Password',1,0),(281,'Cher Boon Sim','cherboonsim.2017@smu.edu.sg','Password',1,0),(282,'Cheryl','cheryl.lim.2020@smu.edu.sg','Password',1,0),(283,'Chloe Low','chloe.low.2019@smu.edu.sg','Password',1,0),(284,'Lee Chun Yat','chunyat.lee.2019@smu.edu.sg','Password',1,0),(285,'Clarice Goh Hui Wen','clarice.goh.2018@smu.edu.sg','Password',1,0),(286,'Claudia Neo Rui Qi','claudia.neo.2019@smu.edu.sg','Password',1,0),(287,'Clement Tan','clementtan.2020@smu.edu.sg','Password',1,0),(288,'Liu Cuiyi','cuiyi.liu.2019@smu.edu.sg','Password',1,0),(290,'Dante Liew Zhen Ting','dante.liew.2019@smu.edu.sg','Password',1,0),(292,'Deborah Lee','deborah.lee.2018@smu.edu.sg','Password',1,0),(293,'Denise Tan Shi Min','denise.tan.2016@smu.edu.sg','Password',1,0),(294,'Dhriti Trehan','dhritit.2017@smu.edu.sg','Password',1,0),(295,'Dian Farah Binte Riduan','dianfarahr.2019@smu.edu.sg','Password',1,0),(297,'Tang Ee Mei','eemei.tang.2019@smu.edu.sg','Password',1,0),(298,'Ekaphat Mathiprechakul','ekaphatm.2016@smu.edu.sg','Password',1,0),(299,'Erika Aldisa Gunawan','erikaaldisa.2018@smu.edu.sg','Password',1,0),(300,'Ethan Yang','ethanyang.2018@smu.edu.sg','Password',1,0),(302,'Teo Gigi','gigi.teo.2018@smu.edu.sg','Password',1,0),(304,'Grace Charlotte Lui','gracelui.2019@smu.edu.sg','Password',1,0),(306,'Tey Haoyue','haoyue.tey.2019@smu.edu.sg','Password',1,0),(307,'Harry Tsang Tsz Hin','harry.tsang.2019@smu.edu.sg','Password',1,0),(308,'Hartanto Ario Widjaya','hawidjaya.2019@smu.edu.sg','Password',1,0),(309,'Min Htet Hein','hhmin.2018@smu.edu.sg','Password',1,0),(310,'fung hong kit','hkfung.2019@smu.edu.sg','Password',1,0),(311,'Heng Hao Kiat','hkheng.2019@smu.edu.sg','Password',1,0),(312,'Zhu HongLu','hlzhu.2019@smu.edu.sg','Password',1,0),(313,'Teo Hui Hian','huihian.teo.2019@smu.edu.sg','Password',1,0),(314,'Hui Ning Ko','huining.ko.2019@smu.edu.sg','Password',1,0),(316,'Ong Hui Wen','huiwen.ong.2017@smu.edu.sg','Password',1,0),(317,'Ho Shi Hui Inez','inez.ho.2018@smu.edu.sg','Password',1,0),(318,'Ivy Hau Jia Yi','ivy.hau.2018@smu.edu.sg','Password',1,0),(319,'Jacinth Oon','jacinth.oon.2019@smu.edu.sg','Password',1,0),(320,'Jairaj Kumaraguru-Ng','jairajk.2018@smu.edu.sg','Password',1,0),(321,'Jamie','jamielee.2018@smu.edu.sg','Password',1,0),(323,'Jason Chew','jason.chew.2019@smu.edu.sg','Password',1,0),(324,'Jaspavan Kaur','jaspavank.2019@smu.edu.sg','Password',1,0),(325,'jermyn yeo wenhui','jermynyeo.2018@smu.edu.sg','Password',1,0),(326,'Jewel Tan','jewel.tan.2019@smu.edu.sg','Password',1,0),(327,'Ong Jhin Yee','jhinyee.ong.2019@smu.edu.sg','Password',1,0),(328,'Joon Hyung Kim','jhkim.2019@smu.edu.sg','Password',1,0),(329,'Wong Jian Hui','jhwong.2019@smu.edu.sg','Password',1,0),(330,'Ong Jia Le','jiale.ong.2019@smu.edu.sg','Password',1,0),(331,'Huang Jia Yi','jiayi.huang.2019@smu.edu.sg','Password',1,0),(332,'Lim Jie Min','jiemin.lim.2019@smu.edu.sg','Password',1,0),(333,'Teo Jun Li Jini','jini.teo.2018@smu.edu.sg','Password',1,0),(334,'Yan Jin','jinyan.2020@smu.edu.sg','Password',1,0),(335,'HO JI YUAN','jiyuan.ho.2019@smu.edu.sg','Password',1,0),(336,'Joel Lim Jer Wei','joel.lim.2018@smu.edu.sg','Password',1,0),(338,'Jo En Chua','joen.chua.2019@smu.edu.sg','Password',1,0),(339,'Jordan Ong Jia Ler','jordan.ong.2018@smu.edu.sg','Password',1,0),(340,'Joshua Wong','joshua.wong.2018@smu.edu.sg','Password',1,0),(341,'Jessica Tedja','jtedja.2019@smu.edu.sg','Password',1,0),(342,'Lok Jun Haur','junhaur.lok.2019@smu.edu.sg','Password',1,0),(343,'Choo Jun Jie','junjie.choo.2019@smu.edu.sg','Password',1,0),(344,'Heng Jun Jie','junjie.heng.2017@smu.edu.sg','Password',1,0),(345,'Kaelyn Kong','kaelyn.kong.2018@smu.edu.sg','Password',1,0),(346,'Lee Kahhe','kahhe.lee.2019@smu.edu.sg','Password',1,0),(347,'Tan Ting Xuan, Kelly','kellytan.2019@smu.edu.sg','Password',1,0),(348,'Soh Keyang','keyang.soh.2019@smu.edu.sg','Password',1,0),(349,'Kevin Gunawan Albindo','kgalbindo.2019@smu.edu.sg','Password',1,0),(350,'Nurul Khairina','khairinak.2017@smu.edu.sg','Password',1,0),(351,'Krystia Jamila P. Marquez','kjmarquez.2016@smu.edu.sg','Password',1,0),(352,'Krysten Ng Min Wen','krysten.ng.2019@smu.edu.sg','Password',1,0),(353,'Zeng Liangyi','liangyizeng.2019@smu.edu.sg','Password',1,0),(354,'Ling Li Yin','liyin.ling.2019@smu.edu.sg','Password',1,0),(356,'Lois Lek','lois.lek.2018@smu.edu.sg','Password',1,0),(357,'Yao Lu','lu.yao.2019@smu.edu.sg','Password',1,0),(358,'Huang Lu','luhuang.2019@smu.edu.sg','Password',1,0),(359,'Matthew Wu Wei En','matthew.wu.2019@smu.edu.sg','Password',1,0),(360,'Ong You Xue Melvin','melvin.ong.2017@smu.edu.sg','Password',1,0),(361,'Lee Min Hui','minhui.lee.2018@smu.edu.sg','Password',1,0),(362,'Mayuri Milind Salunke','mmsalunke.2019@smu.edu.sg','Password',1,0),(363,'Mohamed Izzat Khair Bin Mohamed Noor','mohamedik.2019@smu.edu.sg','Password',1,0),(364,'Muhammad Haziq Bin Ilham','muhammadi.2019@smu.edu.sg','Password',1,0),(365,'Jufri Ramli','muhammadr.2019@smu.edu.sg','Password',1,0),(366,'Lee Mu Shi','mushi.lee.2018@smu.edu.sg','Password',1,0),(367,'Ulysses Chong Min Zhen','mzchong.2019@smu.edu.sg','Password',1,0),(368,'Nanda Gian Yong Xin','nanda.gian.2018@smu.edu.sg','Password',1,0),(369,'Koh Jin Wen Natalie','natalie.koh.2016@smu.edu.sg','Password',1,0),(370,'Teo Nian Kai','niankai.teo.2019@smu.edu.sg','Password',1,0),(371,'Pallavi Tulsian','pallavit.2019@smu.edu.sg','Password',1,0),(372,'Ng Pei Qi','peiqi.ng.2016@smu.edu.sg','Password',1,0),(373,'Lee Pei Yi','peiyi.lee.2018@smu.edu.sg','Password',1,0),(374,'Lee Pei Zhi','peizhi.lee.2019@smu.edu.sg','Password',1,0),(375,'Tan Yi Rui Petras','petras.tan.2019@smu.edu.sg','Password',1,0),(376,'Piyush Chaudhry','piyushc.2018@smu.edu.sg','Password',1,0),(377,'Patricia Mhyles Punzalan Roque','proque.2018@smu.edu.sg','Password',1,0),(378,'Tan Qi Zhong Eddrick','qizhong.tan.2019@smu.edu.sg','Password',1,0),(379,'Avigale Ranullo','rabalisacan.2019@smu.edu.sg','Password',1,0),(380,'Chua Xuan Ni, Rachel','rachel.chua.2017@smu.edu.sg','Password',1,0),(381,'Rachel Lui Jia Min','rachel.lui.2018@smu.edu.sg','Password',1,0),(382,'Ang Kai Hui, Rafe','rafe.ang.2019@smu.edu.sg','Password',1,0),(383,'Bolisetty Ramya Sai Prathima','ramyab.2019@smu.edu.sg','Password',1,0),(384,'Renata Dharma','renatad.2018@smu.edu.sg','Password',1,0),(385,'reyna yeo','reyna.yeo.2020@smu.edu.sg','Password',1,0),(386,'Tan Bing Xing Richie','richie.tan.2018@smu.edu.sg','Password',1,0),(387,'Chu, Rong','rong.chu.2019@smu.edu.sg','Password',1,0),(388,'Soh Harn Yi Royston','royston.soh.2019@smu.edu.sg','Password',1,0),(389,'Lee Rui Peng','ruipeng.lee.2018@smu.edu.sg','Password',1,0),(390,'Ryan Chan','ryan.chan.2019@smu.edu.sg','Password',1,0),(391,'Fan Yu Jye Ryan','ryan.fan.2019@smu.edu.sg','Password',1,0),(392,'Tan Yi Hon Ryan','ryan.tan.2019@smu.edu.sg','Password',1,0),(393,'Savina Tan Xuan Yun','savina.tan.2018@smu.edu.sg','Password',1,0),(394,'Goh Soo Chi','scgoh.2018@smu.edu.sg','Password',1,0),(397,'Shafeeka Rahama','shafeekar.2018@smu.edu.sg','Password',1,0),(398,'Chung Wei Han Shaun','shaun.chung.2019@smu.edu.sg','Password',1,0),(399,'Lee Sherman','sherman.lee.2018@smu.edu.sg','Password',1,0),(400,'Sheryll Ng','sheryll.ng.2019@smu.edu.sg','Password',1,0),(402,'Teh Siew Yee','siewyee.teh.2018@smu.edu.sg','Password',1,0),(403,'Mah Siu Wen','siuwen.mah.2018@smu.edu.sg','Password',1,0),(404,'Ku SeoungLim','slku.2018@smu.edu.sg','Password',1,0),(406,'Sandra Mathew','ssmathew.2018@smu.edu.sg','Password',1,0),(407,'Neo Shi Shiong','ssneo.2018@smu.edu.sg','Password',1,0),(408,'Ng Swee Hong','sweehong.ng.2017@smu.edu.sg','Password',1,0),(409,'Christopher Lim','sylim.2019@smu.edu.sg','Password',1,0),(411,'Tantham Kitiarsa','tanthamk.2019@smu.edu.sg','Password',1,0),(412,'Tessa Goh','tessa.goh.2018@smu.edu.sg','Password',1,0),(413,'Mai Thi Hoai Thu','thtmai.2019@smu.edu.sg','Password',1,0),(415,'Ng Yu Hong, Trevor','trevor.ng.2018@smu.edu.sg','Password',1,0),(416,'Trisha Chua','trisha.chua.2019@smu.edu.sg','Password',1,0),(417,'Viet Mai','tvmai.2018@smu.edu.sg','Password',1,0),(418,'Vanessa Voon Kai Fong','vanessavoon.2019@smu.edu.sg','Password',1,0),(419,'Kwa Verwin','verwin.kwa.2019@smu.edu.sg','Password',1,0),(420,'Visvasruthi Ganesan','visvasruthi.2018@smu.edu.sg','Password',1,0),(421,'Vivian','vivian.kwok.2018@smu.edu.sg','Password',1,0),(423,'Ng Wei Gee','weigee.ng.2019@smu.edu.sg','Password',1,0),(424,'Wendy Tan','wendytanlc@smu.edu.sg','Password',1,0),(425,'Hu Wenhao','wenhao.hu.2019@smu.edu.sg','Password',1,0),(426,'Cheong Wei Herng, Eugene','whcheong.2018@smu.edu.sg','Password',1,0),(427,'Teoh Wei Qing','wqteoh.2019@smu.edu.sg','Password',1,0),(428,'Catherine Leo','wtleo.2017@smu.edu.sg','Password',1,0),(429,'Khoo Wen Yong','wykhoo.2019@smu.edu.sg','Password',1,0),(430,'Loh Xiao Binn','xbloh.2018@smu.edu.sg','Password',1,0),(431,'Ng Xiang Ri','xiangri.ng.2019@smu.edu.sg','Password',1,0),(432,'Ji Xiaojun','xiaojun.ji.2019@smu.edu.sg','Password',1,0),(434,'Cheong Xuan Lin','xlcheong.2018@smu.edu.sg','Password',1,0),(435,'Lee Xuan Hui','xuanhui.lee.2018@smu.edu.sg','Password',1,0),(437,'Cindy Zheng','xxzheng.2018@smu.edu.sg','Password',1,0),(438,'Sia Yan Rui','yanrui.sia.2018@smu.edu.sg','Password',1,0),(439,'Yash Chellani','yashc.2020@smu.edu.sg','Password',1,0),(440,'Liu Ye','ye.liu.2019@smu.edu.sg','Password',1,0),(441,'Elizabeth Lee','yelee.2020@smu.edu.sg','Password',1,0),(442,'Wu Yifan','yifan.wu.2018@smu.edu.sg','Password',1,0),(443,'Choy Yi Jing','yijing.choy.2019@smu.edu.sg','Password',1,0),(444,'Yu Yiling','yiling.yu.2019@smu.edu.sg','Password',1,0),(445,'Ng Ying Ting','yingting.ng.2019@smu.edu.sg','Password',1,0),(446,'LIM YIN SHAN','yinshan.lim.2019@smu.edu.sg','Password',1,0),(447,'Nah Yi Yun','yiyun.nah.2019@smu.edu.sg','Password',1,0),(448,'Chen Yushuang','yschen.2017@smu.edu.sg','Password',1,0),(449,'SU YU','yu.su.2019@smu.edu.sg','Password',1,0),(450,'WANG YUECHEN','yuechenwang.2019@smu.edu.sg','Password',1,0),(451,'Yieh Yuheng','yuheng.yieh.2018@smu.edu.sg','Password',1,0),(452,'Gan Yun Tian','yuntian.gan.2018@smu.edu.sg','Password',1,0),(453,'Chan yuen yip Rex','yy.chan.2019@smu.edu.sg','Password',1,0),(454,'Chen Yuyao','yychen.2019@smu.edu.sg','Password',1,0),(455,'SUN ZHAO CHENG','zcsun.2018@smu.edu.sg','Password',1,0),(456,'ZEPH NG XIN SHENG','zeph.ng.2019@smu.edu.sg','Password',1,0),(457,'Patrick Tan Kun Wei','patrick.tan.2015@smu.edu.sg','Password',1,0),(458,'Devyn Tan','devyn.tan.2017@smu.edu.sg','Password',1,0),(460,'KWA ZHI POH','zpkwa.2018@smu.edu.sg','Password',1,0),(461,'Alichel Wong Jing Wen','jwwong.2018@smu.edu.sg','Password',1,0),(462,'Wong Kin Hou','kinhou.wong.2018@smu.edu.sg','Password',1,0),(463,'Ng Pok Hei Bryan','bryan.ng.2016@smu.edu.sg','Password',1,0),(464,'Mohamed Najulah','mohamedn.2017@smu.edu.sg','Password',1,0),(465,'Ng Lee Ning','leening.ng.2017@smu.edu.sg','Password',1,0),(466,'Osbert Tan','osbert.tan.2017@smu.edu.sg','Password',1,0),(467,'Fong Tze Weng Ryan','ryan.fong.2017@smu.edu.sg','Password',1,0),(468,'Tham Qian Yu','qianyu.tham.2017@smu.edu.sg','Password',1,0),(469,'Rachess','huirong.tan.2017@smu.edu.sg','Password',1,0),(470,'Khoo Wu Shen','wushen.khoo.2018@smu.edu.sg','Password',1,0),(471,'Ng Poh Yeng','pohyeng.ng.2017@smu.edu.sg','Password',1,0),(472,'Vincent Tok','vincent.tok.2016@smu.edu.sg','Password',1,0),(473,'Bryan Chin Jun Kit','bryan.chin.2018@smu.edu.sg','Password',1,0),(474,'Tan Zi Rong','zirong.tan.2018@smu.edu.sg','Password',1,0),(475,'Tan Li Xuan, Denyse','denyse.tan.2018@smu.edu.sg','Password',1,0),(476,'Wei Minn','wei.minn.2018@smu.edu.sg','Password',1,0),(477,'Baratharam','baratharamm.2018@smu.edu.sg','Password',1,0),(478,'Ryan Tan','ryan.tan.2017@smu.edu.sg','Password',1,0),(479,'Daniel Soh Wei Tong','daniel.soh.2017@smu.edu.sg','Password',1,0),(480,'benedict then','jxthen.2017@smu.edu.sg','Password',1,0),(481,'Kang Yi Qi','yiqi.kang.2017@smu.edu.sg','Password',1,0),(482,'Daniel Chin Wen Kai','daniel.chin.2017@smu.edu.sg','Password',1,0),(483,'Ansley Chua','ansley.chua.2017@smu.edu.sg','Password',1,0),(484,'Keith Song','keith.song.2017@smu.edu.sg','Password',1,0),(485,'YIN YUKUN','yukun.yin.2016@smu.edu.sg','Password',1,0),(486,'Ng Jun Hong','junhong.ng.2017@smu.edu.sg','Password',1,0),(487,'Sean Chai Shong Hee','sean.chai.2017@smu.edu.sg','Password',1,0),(488,'zhang chengzi','czzhang.2017@smu.edu.sg','Password',1,0),(489,'Lyu Xiaowei','xiaowei.lyu.2017@smu.edu.sg','Password',1,0),(490,'Lingxing','lxguo.2017@smu.edu.sg','Password',1,0),(491,'Tan Jia Yun','jiayun.tan.2017@smu.edu.sg','Password',1,0),(492,'Soh Wei Ming','weiming.soh.2017@smu.edu.sg','Password',1,0),(493,'Tanny Lai','tanny.lai.2017@smu.edu.sg','Password',1,0),(494,'LIM LI YING, FELICIA','felicia.lim.2017@smu.edu.sg','Password',1,0),(495,'Ngoh Yi Long','yilong.ngoh.2017@smu.edu.sg','Password',1,0),(496,'QI Haodi','haodi.qi.2017@smu.edu.sg','Password',1,0),(497,'Soh Ern Zher Timothy','timothy.soh.2017@smu.edu.sg','Password',1,0),(498,'Tchea JiaWei','jwtchea.2017@smu.edu.sg','Password',1,0),(499,'Chen Junyi (SIS Year 2)','junyi.chen.2017@smu.edu.sg','Password',1,0),(500,'David Chow Jing Shan','david.chow.2017@smu.edu.sg','Password',1,0),(501,'JIANG XI','xi.jiang.2017@smu.edu.sg','Password',1,0),(502,'Loh Yu Jin','yujin.loh.2017@smu.edu.sg','Password',1,0),(503,'Tan Wei Yoong Bryan','wytan.2017@smu.edu.sg','Password',1,0),(504,'susanto','susanto.2018@smu.edu.sg','Password',1,0),(505,'Chye Soon Hang','shchye.2017@smu.edu.sg','Password',1,0),(506,'James Edward Teoh','teng.teoh.2017@smu.edu.sg','Password',1,0),(507,'Quok Juin','juin.quok.2018@smu.edu.sg','Password',1,0),(508,'Shubham Periwal','shubhamp.2016@smu.edu.sg','Password',1,0),(509,'Hum Shi Jing Samantha','shijing.hum.2017@smu.edu.sg','Password',1,0),(510,'Cedric Lee Shao Ming','cedric.lee.2018@smu.edu.sg','Password',1,0),(511,'Javier Wong','javier.wong.2018@smu.edu.sg','Password',1,0),(512,'Choo Zheng Yang','zychoo.2018@smu.edu.sg','Password',1,0),(514,'May Myo Myint Myat','mmmmay.2017@smu.edu.sg','Password',1,0),(515,'Phyo Yi Win Myint','ywmphyo.2017@smu.edu.sg','Password',1,0),(516,'Gan Min Xuan Darren','darren.gan.2017@smu.edu.sg','Password',1,0),(517,'Lee Cheng Leng','cllee.2017@smu.edu.sg','Password',1,0),(518,'Teo Xu Hao','xuhao.teo.2018@smu.edu.sg','Password',1,0),(519,'Wong Yoke Yong','yywong.2018@smu.edu.sg','Password',1,0),(520,'MANIKANTHA DEVASISH PATNANA','devasishp.2018@smu.edu.sg','Password',1,0),(521,'Zhang Yuhao','yuhao.zhang.2018@smu.edu.sg','Password',1,0),(522,'Jolyn Ang','jolyn.ang.2018@smu.edu.sg','Password',1,0),(523,'Mei Xuan','mxchoo.2017@smu.edu.sg','Password',1,0),(524,'alvina','hslee.2018@smu.edu.sg','Password',1,0),(525,'Lee Kah Yi, Elizabeth','kahyi.lee.2018@smu.edu.sg','Password',1,0),(526,'Sameer Panda','sameerp.2017@smu.edu.sg','Password',1,0),(527,'Kasi','kasign.2018@smu.edu.sg','Password',1,0),(528,'Rahul Belani','rahulb.2018@smu.edu.sg','Password',1,0),(529,'Priyanka Jindal','priyankaj.2018@smu.edu.sg','Password',1,0),(530,'Garen Kwan','yckwan.2018@smu.edu.sg','Password',1,0),(531,'Teo Wei Ting','weiting.teo.2018@smu.edu.sg','Password',1,0),(532,'Wang Sha','sha.wang.2018@smu.edu.sg','Password',1,0),(534,'Balamourougane, Sanghavy','sanghavyb.2016@mitb.smu.edu.sg','Password',1,0),(535,'Chan, Joey','joey.chan.2016@business.smu.edu.sg','Password',1,0),(536,'CHEN, Ziyi','ziyi.chen.2017@sis.smu.edu.sg','Password',1,0),(537,'Chong, Desiree','jhchong.2016@sis.smu.edu.sg','Password',1,0),(538,'Chua, Gary','garychua.2016@sis.smu.edu.sg','Password',1,0),(539,'Goh, Nigel','nigel.goh.2015@sis.smu.edu.sg','Password',1,0),(540,'Lam, Amos','amoslam.2017@sis.smu.edu.sg','Password',1,0),(541,'Nguyen, Thao','ptnguyen.2014@sis.smu.edu.sg','Password',1,0),(542,'Tan, Eugene','eugene.tan.2015@sis.smu.edu.sg','Password',1,0),(543,'Tan, Soon Wei','soonwei.tan.2016@sis.smu.edu.sg','Password',1,0),(544,'Tan, Zack','kstan.2014@sis.smu.edu.sg','Password',1,0),(545,'Tan, Zhi Hui','zhtan.2014@sis.smu.edu.sg','Password',1,0),(546,'Wang, Sheng','sheng.wang.2016@sis.smu. edu.sg','Password',1,0),(547,'BUI Duy Quoc Nghi','dqnbui.2016@phdis.smu.edu.sg','Password',1,0),(548,'CHEAU Nor Ailin','nacheau.2015@sis.smu.edu.sg','Password',1,0),(550,'Raymond FOO Celong','raymondfoo.2016@mitb.smu.edu.sg','Password',1,0),(551,'GAO Zhipeng','zpgao@smu.edu.sg','Password',1,0),(552,'KONG Song Wei','swkong.2014@sis.smu.edu.sg','Password',1,0),(553,'Kenny KWEK Jian Yong','Kenny.kwek.2017@sis.smu.edu.sg','Password',1,0),(554,'Aloysius LIM Wai Liang','aloysiuslim.2015@sis.smu.edu.sg','Password',1,0),(555,'Dylan MAH Hon Sen','dylan.mah.2016@jd.smu.edu.sg','Password',1,0),(556,'Lionel NG Ze Ji','lionel.ng.2017@sis.smu.edu.sg','Password',1,0),(557,'PHUA Xue Yong','xyphua.2014@sis.smu.edu.sg','Password',1,0),(558,'Daniel SOH Wei Tong','daniel.soh.2017@sis.smu.edu.sg','Password',1,0),(559,'SOH Wei Ming','weiming.soh.2017@sis.smu.edu.sg','Password',1,0),(560,'Mark TAN Rong Jian','mark.tan.2017@sis.smu.edu.sg','Password',1,0),(561,'Dionysus YAN Hong Chen','dionysusyan.2017@sis.smu.edu.sg','Password',1,0),(562,'YANG, MINGQI','mingqi.yang.2016@sis.smu.edu.sg','Password',1,0),(563,'Luo, Haonan','haonan.luo.2016@sis.smu.edu.sg','Password',1,0),(564,'Wang, Zhuowei','zw.wang.2016@sis.smu.edu.sg','Password',1,0),(565,'Li, Yigang','yigang.li.2016@sis.smu.edu.sg','Password',1,0),(566,'Gui, Yuqi','yuqi.gui.2016@sis.smu.edu.sg','Password',1,0),(567,'Xu, Bowen','bowenxu.2017@phdis.smu.edu.sg','Password',1,0),(568,'Chen, BiHuang','bhchen.2016@sis.smu.edu.sg','Password',1,0),(569,'Chen, Huiyan','huiyan.chen.2015@sis.smu.edu.sg','Password',1,0),(571,'Lim, Jingwen','jingwen.lim.2015@sis.smu.edu.sg','Password',1,0),(572,'Liu, Zuo lin','zuolin.liu.2017@sis.smu.edu.sg','Password',1,0),(573,'Low, Zixuan','zixuan.low.2015@sis.smu.edu.sg','Password',1,0),(574,'Sim, Deborah','deborah.sim.2015@sis.smu.edu.sg','Password',1,0),(575,'Tan, Kah Sheng','kstan.2014@smu.edu.sg','Password',1,0),(576,'Tan, Soon Wei','SoonWei.Tan.2016@smu.edu.sg','Password',1,0),(577,'Wang, Rui','ruiwang.2016@mitb.smu.edu.sg','Password',1,0),(578,'ZHANG, HAOYU','haoyu.zhang.2016@sis.smu.edu.sg','Password',1,0),(579,'Beh, Min Yan','minyan.beh.2014@sis.smu.edu.sg','Password',1,0),(580,'Chan, Huang Suan','hschan.2016@sis.smu.edu.sg','Password',1,0),(581,'Chua, David','david.chua.2016@sis.smu.edu.sg','Password',1,0),(582,'Chua, Sin Kin','sinkin.chua.2014@sis.smu.edu.sg','Password',1,0),(583,'Huang, Mingrui','mrhuang.2015@sis.smu.edu.sg','Password',1,0),(584,'Ker, Wei Xiang','wxker.2016@sis.smu.edu.sg','Password',1,0),(585,'KOH, JOHN','john.koh.2014@sis.smu.edu.sg','Password',1,0),(586,'Lee, Boon Sing','bslee.2015@sis.smu.edu.sg','Password',1,0),(587,'Lee, Zhi Tao','zhitao.lee.2016@sis.smu.edu.sg','Password',1,0),(588,'Lim, Jeremy','jeremy.lim.2016@sis.smu.edu.sg','Password',1,0),(589,'Lim, Jia Sheng','jslim.2016@sis.smu.edu.sg','Password',1,0),(590,'Lim, Lixuan','lixuan.lim.2016@sis.smu.edu.sg','Password',1,0),(591,'LIN, ZHEN DAN','zhendan.lin.2016@sis.smu.edu.sg','Password',1,0),(592,'Ma, Xing','xing.ma.2015@sis.smu.edu.sg','Password',1,0),(593,'Ong, Yu Xiang','yuxiang.ong.2016@sis.smu.edu.sg','Password',1,0),(594,'Sim, Li Jin','lijin.sim.2016@sis.smu.edu.sg','Password',1,0),(595,'Tan, Ming Sheng','tanms.2015@sis.smu.edu.sg','Password',1,0),(597,'Tay, Joel','joel.tay.2016@sis.smu.edu.sg','Password',1,0),(598,'Teo, Shaun','shaun.teo.2016@sis.smu.edu.sg','Password',1,0),(599,'Teo, Solomon','solomon.teo.2016@sis.smu.edu.sg','Password',1,0),(600,'Thng, Larry','larry.thng.2016@sis.smu.edu.sg','Password',1,0),(601,'Wong, Li Ying Leonard','lywong.2017@sis.smu.edu.sg','Password',1,0),(602,'Yong, Fu Xiang','fxyong.2016@sis.smu.edu.sg','Password',1,0),(603,'Yong, Moses','moses.yong.2016@sis.smu.edu.sg','Password',1,0),(604,'Ang, Dion','dion.ang.2016@sis.smu.edu.sg','Password',1,0),(605,'Bian, Yongyi','yongyi.bian.2015@sis.smu.edu.sg','Password',1,0),(606,'Chew, Jonathan','ylchew.2015@sis.smu.edu.sg','Password',1,0),(607,'Chong, Ervin','ervin.chong.2015@sis.smu.edu.sg','Password',1,0),(608,'Ho, Chong Chieh','ccho.2014@sis.smu.edu.sg','Password',1,0),(609,'Hong, Yang','hong.yang.2016@sis.smu.edu.sg','Password',1,0),(612,'Koh, Vincent','vincent.koh.2016@sis.smu.edu.sg','Password',1,0),(613,'Lee, Amelia','amelia.lee.2015@sis.smu.edu.sg','Password',1,0),(615,'Liew, Jie Ying','jyliew.2014@sis.smu.edu.sg','Password',1,0),(616,'Liu, Wenrong David','david.liu.2016@sis.smu.edu.sg','Password',1,0),(617,'Low, Kang Li','kangli.low.2014@sis.smu.edu.sg','Password',1,0),(618,'Najulah, Mohamed','mohamedn.2017@sis.smu.edu.sg','Password',1,0),(619,'Quek, Qiao Hui','qhquek.2014@sis.smu.edu.sg','Password',1,0),(620,'Seah, Jane','jane.seah.2016@sis.smu.edu.sg','Password',1,0),(621,'Tan, Chee Wei','cwtan.2015@sis.smu.edu.sg','Password',1,0),(622,'Tan, Don, Kok Jun','don.tan.2017@sis.smu.edu.sg','Password',1,0),(624,'Tan, Terence','terence.tan.2015@smu.edu.sg','Password',1,0),(625,'Tan, Yong Jin','yongjin.tan.2014@sis.smu.edu.sg','Password',1,0),(626,'Tay, Darren','darren.tay.2014@sis.smu.edu.sg','Password',1,0),(627,'Tee, Shi Hui','shihui.tee.2014@sis.smu.edu.sg','Password',1,0),(629,'Thio, Thomas','thomasthio.2014@sis.smu.edu.sg','Password',1,0),(630,'Wang, Qimin','qimin.wang.2015@sis.smu.edu.sg','Password',1,0),(631,'Belani, Rahul','rahulb.2018@mitb.smu.edu.sg','Password',1,0),(632,'Chai, Sean','sean.chai.2017@sis.smu.edu.sg','Password',1,0),(633,'Chen, Junyi','junyi.chen.2017@sis.smu.edu.sg','Password',1,0),(634,'Chow, David','david.chow.2017@sis.smu.edu.sg','Password',1,0),(635,'Fong, Ryan','ryan.fong.2017@sis.smu.edu.sg','Password',1,0),(636,'Hein, Min Htet','hhmin.2018@sis.smu.edu.sg','Password',1,0),(637,'Jindal, PriyankaJ','priyankaj.2018@mitb.smu.edu.sg','Password',1,0),(638,'Khoo, Wu Shen','wushen.khoo.2018@sis.smu.edu.sg','Password',1,0),(639,'KWA, ZHI POH','zpkwa.2018@sis.smu.edu.sg','Password',1,0),(640,'Lyu, Xiaowei','xiaowei.lyu.2017@sis.smu.edu.sg','Password',1,0),(641,'MINN, WEI','wei.minn.2018@sis.smu.edu.sg','Password',1,0),(642,'Myint Myat, May Myo','mmmmay.2017@sis.smu.edu.sg','Password',1,0),(643,'Ng, Bryan','bryan.ng.2016@accountancy.smu.edu.sg','Password',1,0),(644,'Ng, Jun Hong','junhong.ng.2017@sis.smu.edu.sg','Password',1,0),(645,'Ng, Lee Ning','leening.ng.2017@sis.smu.edu.sg','Password',1,0),(646,'Ngoh, Yi Long','yilong.ngoh.2017@sis.smu.edu.sg','Password',1,0),(647,'Quok, Juin','juin.quok.2018@sis.smu.edu.sg','Password',1,0),(648,'Tan, Devyn','devyn.tan.2017@sis.smu.edu.sg','Password',1,0),(649,'Tan, Osbert','osbert.tan.2017@accountancy.smu.edu.sg','Password',1,0),(650,'Tan, Patrick','patrick.tan.2015@sis.smu.edu.sg','Password',1,0),(651,'Tan, Rachess','huirong.tan.2017@sis.smu.edu.sg','Password',1,0),(652,'Tan, Zi Rong','zirong.tan.2018@sis.smu.edu.sg','Password',1,0),(653,'Tchea, JiaWei','jwtchea.2017@sis.smu.edu.sg','Password',1,0),(654,'Tham, Qian Yu','qianyu.tham.2017@sis.smu.edu.sg','Password',1,0),(655,'Then, Benedict','jxthen.2017@sis.smu.edu.sg','Password',1,0),(656,'Win Myint, Phyo Yi','ywmphyo.2017@sis.smu.edu.sg','Password',1,0),(657,'Wong, Alichel','jwwong.2018@sis.smu.edu.sg','Password',1,0),(658,'Zhang, Chengzi','czzhang.2017@sis.smu.edu.sg','Password',1,0),(659,'Susanto','susanto.2018@sis.smu.edu.sg','Password',1,0),(660,'Chin, Daniel','daniel.chin.2017@business.smu.edu.sg','Password',1,0),(661,'Choo, Zheng Yang','zychoo.2018@sis.smu.edu.sg','Password',1,0),(662,'Chua, Ansley','ansley.chua.2017@sis.smu.edu.sg','Password',1,0),(663,'Gan, Darren','darren.gan.2017@sis.smu.edu.sg','Password',1,0),(664,'Guo, Lingxing','lxguo.2017@sis.smu.edu.sg','Password',1,0),(665,'JIANG, XI','xi.jiang.2017@sis.smu.edu.sg','Password',1,0),(666,'Kang, Yi Qi','yiqi.kang.2017@sis.smu.edu.sg','Password',1,0),(667,'Lai, Tanny','tanny.lai.2017@sis.smu.edu.sg','Password',1,0),(668,'Lee, Cedric','cedric.lee.2018@sis.smu.edu.sg','Password',1,0),(669,'Lim, Felicia','felicia.lim.2017@sis.smu.edu.sg','Password',1,0),(670,'Loh, Yu Jin','yujin.loh.2017@sis.smu.edu.sg','Password',1,0),(671,'Periwal, Shubham','shubhamp.2016@sis.smu.edu.sg','Password',1,0),(672,'Qi, Haodi','haodi.qi.2017@business.smu.edu.sg','Password',1,0),(673,'Song, Keith','keith.song.2017@sis.smu.edu.sg','Password',1,0),(674,'Tan, Jia Yun','jiayun.tan.2017@sis.smu.edu.sg','Password',1,0),(675,'Tan, Ryan','ryan.tan.2017@sis.smu.edu.sg','Password',1,0),(676,'Tan, Wei Yoong Bryan','wytan.2017@sis.smu.edu.sg','Password',1,0),(677,'Teoh, James','teng.teoh.2017@sis.smu.edu.sg','Password',1,0),(678,'Wong, Javier','javier.wong.2018@sis.smu.edu.sg','Password',1,0),(679,'Yukun, Yin','yukun.yin.2016@sis.smu.edu.sg','Password',1,0),(680,'Liow De Jun','dejun.liow.2019@smu.edu.sg','Password',1,0),(12394029,'admin','admin@smu.edu.sg','$2y$10$BExAZLHKuxGQxZCpSf1iHOpZxRXi07lM28L0M1gRFIN5fcvZ8ThAO',2,0);
/*!40000 ALTER TABLE `user` ENABLE KEYS */;
UNLOCK TABLES;
/*!40103 SET TIME_ZONE=@OLD_TIME_ZONE */;

/*!40101 SET SQL_MODE=@OLD_SQL_MODE */;
/*!40014 SET FOREIGN_KEY_CHECKS=@OLD_FOREIGN_KEY_CHECKS */;
/*!40014 SET UNIQUE_CHECKS=@OLD_UNIQUE_CHECKS */;
/*!40101 SET CHARACTER_SET_CLIENT=@OLD_CHARACTER_SET_CLIENT */;
/*!40101 SET CHARACTER_SET_RESULTS=@OLD_CHARACTER_SET_RESULTS */;
/*!40101 SET COLLATION_CONNECTION=@OLD_COLLATION_CONNECTION */;
/*!40111 SET SQL_NOTES=@OLD_SQL_NOTES */;

-- Dump completed on 2021-09-13 10:52:55

--
-- Table structure for table `interest`
--

DROP TABLE IF EXISTS `interest`;
/*!40101 SET @saved_cs_client     = @@character_set_client */;
/*!50503 SET character_set_client = utf8mb4 */;
CREATE TABLE `interest` (
  `ICourse_ID` varchar(15) NOT NULL,
  `IVote_Start` date NOT NULL,
  `IUser_ID` int(11) NOT NULL,
  `Indicated_Date` date NOT NULL DEFAULT (curdate()),
  PRIMARY KEY (`ICourse_ID`,`IVote_Start`,`IUser_ID`),
  KEY `IUser_ID` (`IUser_ID`),
  CONSTRAINT `interest_ibfk_1` FOREIGN KEY (`ICourse_ID`, `IVote_Start`) REFERENCES `filtered_course` (`FCourse_ID`, `Vote_Start`),
  CONSTRAINT `interest_ibfk_2` FOREIGN KEY (`IUser_ID`) REFERENCES `user` (`User_ID`)
) ENGINE=InnoDB DEFAULT CHARSET=utf8mb4 COLLATE=utf8mb4_0900_ai_ci;
/*!40101 SET character_set_client = @saved_cs_client */;

--
-- Dumping data for table `interest`
--

LOCK TABLES `interest` WRITE;
/*!40000 ALTER TABLE `interest` DISABLE KEYS */;
/*!40000 ALTER TABLE `interest` ENABLE KEYS */;
UNLOCK TABLES;
/*!40103 SET TIME_ZONE=@OLD_TIME_ZONE */;

/*!40101 SET SQL_MODE=@OLD_SQL_MODE */;
/*!40014 SET FOREIGN_KEY_CHECKS=@OLD_FOREIGN_KEY_CHECKS */;
/*!40014 SET UNIQUE_CHECKS=@OLD_UNIQUE_CHECKS */;
/*!40101 SET CHARACTER_SET_CLIENT=@OLD_CHARACTER_SET_CLIENT */;
/*!40101 SET CHARACTER_SET_RESULTS=@OLD_CHARACTER_SET_RESULTS */;
/*!40101 SET COLLATION_CONNECTION=@OLD_COLLATION_CONNECTION */;
/*!40111 SET SQL_NOTES=@OLD_SQL_NOTES */;

-- Dump completed on 2021-09-13 10:52:56


--
-- Table structure for table `registration`
--

DROP TABLE IF EXISTS `registration`;
/*!40101 SET @saved_cs_client     = @@character_set_client */;
/*!50503 SET character_set_client = utf8mb4 */;
CREATE TABLE `registration` (
  `RUser_ID` int(11) NOT NULL,
  `RegCourse_ID` varchar(15) NOT NULL,
  `RClass` int(11) NOT NULL,
  `RRun_StartDate` date NOT NULL,
  `Reg_Datetime` datetime DEFAULT (now()),
  `Reg_Status` varchar(255) DEFAULT (_utf8mb4'pending'),
  `Completion_Status` varchar(255) DEFAULT (_utf8mb4'not completed'),
  PRIMARY KEY (`RUser_ID`,`RegCourse_ID`,`RClass`,`RRun_StartDate`),
  KEY `RegCourse_ID` (`RegCourse_ID`,`RClass`,`RRun_StartDate`),
  CONSTRAINT `registration_ibfk_1` FOREIGN KEY (`RUser_ID`) REFERENCES `user` (`User_ID`),
  CONSTRAINT `registration_ibfk_2` FOREIGN KEY (`RegCourse_ID`, `RClass`, `RRun_StartDate`) REFERENCES `run` (`RunCourse_ID`, `Class`, `Run_StartDate`)
) ENGINE=InnoDB DEFAULT CHARSET=utf8mb4 COLLATE=utf8mb4_0900_ai_ci;
/*!40101 SET character_set_client = @saved_cs_client */;

--
-- Dumping data for table `registration`
--

LOCK TABLES `registration` WRITE;
/*!40000 ALTER TABLE `registration` DISABLE KEYS */;
INSERT INTO `registration` VALUES (1,'DATA202003',1,'2020-05-26','2020-05-28 00:00:00','accepted','completed'),(1,'DATA202006',1,'2020-07-29','2020-07-29 00:00:00','accepted','completed'),(1,'DATA202103',1,'2021-05-14','2021-05-14 00:00:00','accepted','completed'),(2,'DATA202102',1,'2021-05-04','2021-05-04 00:00:00','accepted','completed'),(3,'DATA202105',1,'2021-07-28','2021-07-30 00:00:00','accepted','completed'),(4,'DATA202008',1,'2020-08-12','2020-08-13 00:00:00','accepted','completed'),(4,'DATA202010',1,'2020-10-06','2020-10-06 00:00:00','accepted','completed'),(4,'DATA202102',1,'2021-05-04','2021-05-04 00:00:00','accepted','completed'),(4,'DATA202103',1,'2021-05-14','2021-05-14 00:00:00','accepted','completed'),(5,'DATA202103',1,'2021-05-14','2021-05-14 00:00:00','accepted','completed'),(5,'DATA202105',1,'2021-07-28','2021-07-30 00:00:00','accepted','completed'),(6,'DATA202105',1,'2021-07-28','2021-07-30 00:00:00','accepted','completed'),(7,'DATA202105',1,'2021-07-28','2021-07-30 00:00:00','accepted','completed'),(8,'DATA202105',1,'2021-07-28','2021-07-30 00:00:00','accepted','completed'),(9,'DATA202103',1,'2021-05-14','2021-05-14 00:00:00','accepted','completed'),(9,'DATA202105',1,'2021-07-28','2021-07-30 00:00:00','accepted','completed'),(10,'DATA202103',1,'2021-05-14','2021-05-14 00:00:00','accepted','completed'),(10,'DATA202105',1,'2021-07-28','2021-07-30 00:00:00','accepted','completed'),(11,'DATA202102',1,'2021-05-04','2021-05-04 00:00:00','accepted','completed'),(11,'DATA202103',1,'2021-05-14','2021-05-14 00:00:00','accepted','completed'),(12,'DATA202008',1,'2020-08-12','2020-08-13 00:00:00','accepted','completed'),(12,'DATA202103',1,'2021-05-14','2021-05-14 00:00:00','accepted','completed'),(13,'DATA202105',1,'2021-07-28','2021-07-30 00:00:00','accepted','completed'),(14,'DATA202105',1,'2021-07-28','2021-07-30 00:00:00','accepted','completed'),(15,'DATA202105',1,'2021-07-28','2021-07-30 00:00:00','accepted','completed'),(16,'DATA202104',1,'2021-05-20','2021-05-20 00:00:00','accepted','completed'),(16,'DATA202105',1,'2021-07-28','2021-07-30 00:00:00','accepted','completed'),(17,'DATA202008',1,'2020-08-12','2020-08-13 00:00:00','accepted','completed'),(17,'DATA202104',1,'2021-05-20','2021-05-20 00:00:00','accepted','completed'),(18,'DATA202001',1,'2020-05-05','2020-05-06 00:00:00','accepted','completed'),(18,'DATA202008',1,'2020-08-12','2020-08-13 00:00:00','accepted','completed'),(18,'DATA202104',1,'2021-05-20','2021-05-20 00:00:00','accepted','completed'),(18,'DATA202105',1,'2021-07-28','2021-07-30 00:00:00','accepted','completed'),(18,'DATA202106',1,'2021-07-22','2021-08-27 00:00:00','accepted','completed'),(19,'DATA202103',1,'2021-05-14','2021-05-14 00:00:00','accepted','completed'),(19,'DATA202104',1,'2021-05-20','2021-05-20 00:00:00','accepted','completed'),(20,'DATA202104',1,'2021-05-20','2021-05-20 00:00:00','accepted','completed'),(21,'DATA202008',1,'2020-08-12','2020-08-13 00:00:00','accepted','completed'),(21,'DATA202104',1,'2021-05-20','2021-05-20 00:00:00','accepted','completed'),(21,'DATA202105',1,'2021-07-28','2021-07-30 00:00:00','accepted','completed'),(22,'DATA202102',1,'2021-05-04','2021-05-04 00:00:00','accepted','completed'),(23,'DATA202008',1,'2020-08-12','2020-08-13 00:00:00','accepted','completed'),(23,'DATA202105',1,'2021-07-28','2021-07-30 00:00:00','accepted','completed'),(24,'DATA202105',1,'2021-07-28','2021-07-30 00:00:00','accepted','completed'),(25,'DATA202104',1,'2021-05-20','2021-05-20 00:00:00','accepted','completed'),(25,'DATA202105',1,'2021-07-28','2021-07-30 00:00:00','accepted','completed'),(26,'DATA202104',1,'2021-05-20','2021-05-20 00:00:00','accepted','completed'),(26,'DATA202105',1,'2021-07-28','2021-07-30 00:00:00','accepted','completed'),(27,'DATA202102',1,'2021-05-04','2021-05-04 00:00:00','accepted','completed'),(28,'DATA202102',1,'2021-05-04','2021-05-04 00:00:00','accepted','completed'),(28,'DATA202103',1,'2021-05-14','2021-05-14 00:00:00','accepted','completed'),(28,'DATA202104',1,'2021-05-20','2021-05-20 00:00:00','accepted','completed'),(28,'DATA202105',1,'2021-07-28','2021-07-30 00:00:00','accepted','completed'),(29,'DATA202105',1,'2021-07-28','2021-07-30 00:00:00','accepted','completed'),(30,'DATA202102',1,'2021-05-04','2021-05-04 00:00:00','accepted','completed'),(30,'DATA202104',1,'2021-05-20','2021-05-20 00:00:00','accepted','completed'),(31,'DATA202102',1,'2021-05-04','2021-05-04 00:00:00','accepted','completed'),(31,'DATA202104',1,'2021-05-20','2021-05-20 00:00:00','accepted','completed'),(32,'DATA202103',1,'2021-05-14','2021-05-14 00:00:00','accepted','completed'),(32,'DATA202104',1,'2021-05-20','2021-05-20 00:00:00','accepted','completed'),(33,'DATA202105',1,'2021-07-28','2021-07-30 00:00:00','accepted','completed'),(35,'DATA202104',1,'2021-05-20','2021-05-20 00:00:00','accepted','completed'),(35,'DATA202105',1,'2021-07-28','2021-07-30 00:00:00','accepted','completed'),(36,'DATA202105',1,'2021-07-28','2021-07-30 00:00:00','accepted','completed'),(37,'DATA202102',1,'2021-05-04','2021-05-04 00:00:00','accepted','completed'),(37,'DATA202103',1,'2021-05-14','2021-05-14 00:00:00','accepted','completed'),(37,'DATA202104',1,'2021-05-20','2021-05-20 00:00:00','accepted','completed'),(37,'DATA202105',1,'2021-07-28','2021-07-30 00:00:00','accepted','completed'),(38,'DATA202103',1,'2021-05-14','2021-05-14 00:00:00','accepted','completed'),(38,'DATA202105',1,'2021-07-28','2021-07-30 00:00:00','accepted','completed'),(39,'DATA202105',1,'2021-07-28','2021-07-30 00:00:00','accepted','completed'),(40,'DATA202104',1,'2021-05-20','2021-05-20 00:00:00','accepted','completed'),(40,'DATA202105',1,'2021-07-28','2021-07-30 00:00:00','accepted','completed'),(41,'DATA202104',1,'2021-05-20','2021-05-20 00:00:00','accepted','completed'),(42,'DATA202103',1,'2021-05-14','2021-05-14 00:00:00','accepted','completed'),(42,'DATA202104',1,'2021-05-20','2021-05-20 00:00:00','accepted','completed'),(43,'DATA202104',1,'2021-05-20','2021-05-20 00:00:00','accepted','completed'),(44,'DATA202102',1,'2021-05-04','2021-05-04 00:00:00','accepted','completed'),(44,'DATA202103',1,'2021-05-14','2021-05-14 00:00:00','accepted','completed'),(44,'DATA202104',1,'2021-05-20','2021-05-20 00:00:00','accepted','completed'),(44,'DATA202105',1,'2021-07-28','2021-07-30 00:00:00','accepted','completed'),(45,'DATA202103',1,'2021-05-14','2021-05-14 00:00:00','accepted','completed'),(45,'DATA202104',1,'2021-05-20','2021-05-20 00:00:00','accepted','completed'),(45,'DATA202105',1,'2021-07-28','2021-07-30 00:00:00','accepted','completed'),(46,'DATA202102',1,'2021-05-04','2021-05-04 00:00:00','accepted','completed'),(46,'DATA202103',1,'2021-05-14','2021-05-14 00:00:00','accepted','completed'),(46,'DATA202104',1,'2021-05-20','2021-05-20 00:00:00','accepted','completed'),(46,'DATA202105',1,'2021-07-28','2021-07-30 00:00:00','accepted','completed'),(47,'DATA202104',1,'2021-05-20','2021-05-20 00:00:00','accepted','completed'),(47,'DATA202105',1,'2021-07-28','2021-07-30 00:00:00','accepted','completed'),(48,'DATA202102',1,'2021-05-04','2021-05-04 00:00:00','accepted','completed'),(48,'DATA202104',1,'2021-05-20','2021-05-20 00:00:00','accepted','completed'),(49,'DATA202102',1,'2021-05-04','2021-05-04 00:00:00','accepted','completed'),(50,'DATA202103',1,'2021-05-14','2021-05-14 00:00:00','accepted','completed'),(50,'DATA202105',1,'2021-07-28','2021-07-30 00:00:00','accepted','completed'),(51,'DATA202001',1,'2020-05-05','2020-05-06 00:00:00','accepted','completed'),(51,'DATA202003',1,'2020-05-26','2020-05-28 00:00:00','accepted','completed'),(51,'DATA202004',1,'2020-07-01','2020-07-01 00:00:00','accepted','completed'),(51,'DATA202006',1,'2020-07-29','2020-07-29 00:00:00','accepted','completed'),(51,'DATA202103',1,'2021-05-14','2021-05-14 00:00:00','accepted','completed'),(51,'DATA202104',1,'2021-05-20','2021-05-20 00:00:00','accepted','completed'),(51,'DATA202105',1,'2021-07-28','2021-07-30 00:00:00','accepted','completed'),(52,'DATA202103',1,'2021-05-14','2021-05-14 00:00:00','accepted','completed'),(52,'DATA202104',1,'2021-05-20','2021-05-20 00:00:00','accepted','completed'),(53,'DATA202105',1,'2021-07-28','2021-07-30 00:00:00','accepted','completed'),(54,'DATA202105',1,'2021-07-28','2021-07-30 00:00:00','accepted','completed'),(55,'DATA202104',1,'2021-05-20','2021-05-20 00:00:00','accepted','completed'),(55,'DATA202105',1,'2021-07-28','2021-07-30 00:00:00','accepted','completed'),(56,'DATA202105',1,'2021-07-28','2021-07-30 00:00:00','accepted','completed'),(57,'DATA202008',1,'2020-08-12','2020-08-13 00:00:00','accepted','completed'),(57,'DATA202104',1,'2021-05-20','2021-05-20 00:00:00','accepted','completed'),(57,'DATA202105',1,'2021-07-28','2021-07-30 00:00:00','accepted','completed'),(58,'DATA202105',1,'2021-07-28','2021-07-30 00:00:00','accepted','completed'),(59,'DATA202102',1,'2021-05-04','2021-05-04 00:00:00','accepted','completed'),(59,'DATA202105',1,'2021-07-28','2021-07-30 00:00:00','accepted','completed'),(60,'DATA202103',1,'2021-05-14','2021-05-14 00:00:00','accepted','completed'),(60,'DATA202104',1,'2021-05-20','2021-05-20 00:00:00','accepted','completed'),(61,'DATA202105',1,'2021-07-28','2021-07-30 00:00:00','accepted','completed'),(62,'DATA202104',1,'2021-05-20','2021-05-20 00:00:00','accepted','completed'),(62,'DATA202105',1,'2021-07-28','2021-07-30 00:00:00','accepted','completed'),(63,'DATA202105',1,'2021-07-28','2021-07-30 00:00:00','accepted','completed'),(64,'DATA202105',1,'2021-07-28','2021-07-30 00:00:00','accepted','completed'),(65,'DATA202105',1,'2021-07-28','2021-07-30 00:00:00','accepted','completed'),(66,'DATA202104',1,'2021-05-20','2021-05-20 00:00:00','accepted','completed'),(67,'DATA202105',1,'2021-07-28','2021-07-30 00:00:00','accepted','completed'),(68,'DATA202105',1,'2021-07-28','2021-07-30 00:00:00','accepted','completed'),(69,'DATA202102',1,'2021-05-04','2021-05-04 00:00:00','accepted','completed'),(69,'DATA202103',1,'2021-05-14','2021-05-14 00:00:00','accepted','completed'),(69,'DATA202104',1,'2021-05-20','2021-05-20 00:00:00','accepted','completed'),(69,'DATA202105',1,'2021-07-28','2021-07-30 00:00:00','accepted','completed'),(70,'DATA202102',1,'2021-05-04','2021-05-04 00:00:00','accepted','completed'),(70,'DATA202104',1,'2021-05-20','2021-05-20 00:00:00','accepted','completed'),(70,'DATA202105',1,'2021-07-28','2021-07-30 00:00:00','accepted','completed'),(71,'DATA202009',1,'2020-10-30','2020-10-30 00:00:00','accepted','completed'),(71,'DATA202010',1,'2020-10-06','2020-10-06 00:00:00','accepted','completed'),(71,'DATA202105',1,'2021-07-28','2021-07-30 00:00:00','accepted','completed'),(72,'DATA202102',1,'2021-05-04','2021-05-04 00:00:00','accepted','completed'),(72,'DATA202103',1,'2021-05-14','2021-05-14 00:00:00','accepted','completed'),(72,'DATA202104',1,'2021-05-20','2021-05-20 00:00:00','accepted','completed'),(73,'DATA202102',1,'2021-05-04','2021-05-04 00:00:00','accepted','completed'),(73,'DATA202103',1,'2021-05-14','2021-05-14 00:00:00','accepted','completed'),(74,'DATA202102',1,'2021-05-04','2021-05-04 00:00:00','accepted','completed'),(75,'DATA202102',1,'2021-05-04','2021-05-04 00:00:00','accepted','completed'),(75,'DATA202103',1,'2021-05-14','2021-05-14 00:00:00','accepted','completed'),(75,'DATA202104',1,'2021-05-20','2021-05-20 00:00:00','accepted','completed'),(76,'DATA202103',1,'2021-05-14','2021-05-14 00:00:00','accepted','completed'),(76,'DATA202104',1,'2021-05-20','2021-05-20 00:00:00','accepted','completed'),(77,'DATA202102',1,'2021-05-04','2021-05-04 00:00:00','accepted','completed'),(77,'DATA202103',1,'2021-05-14','2021-05-14 00:00:00','accepted','completed'),(77,'DATA202104',1,'2021-05-20','2021-05-20 00:00:00','accepted','completed'),(78,'DATA202102',1,'2021-05-04','2021-05-04 00:00:00','accepted','completed'),(78,'DATA202103',1,'2021-05-14','2021-05-14 00:00:00','accepted','completed'),(79,'DATA202103',1,'2021-05-14','2021-05-14 00:00:00','accepted','completed'),(80,'DATA202103',1,'2021-05-14','2021-05-14 00:00:00','accepted','completed'),(81,'DATA202102',1,'2021-05-04','2021-05-04 00:00:00','accepted','completed'),(81,'DATA202103',1,'2021-05-14','2021-05-14 00:00:00','accepted','completed'),(82,'DATA202102',1,'2021-05-04','2021-05-04 00:00:00','accepted','completed'),(82,'DATA202103',1,'2021-05-14','2021-05-14 00:00:00','accepted','completed'),(82,'DATA202104',1,'2021-05-20','2021-05-20 00:00:00','accepted','completed'),(83,'DATA202102',1,'2021-05-04','2021-05-04 00:00:00','accepted','completed'),(83,'DATA202103',1,'2021-05-14','2021-05-14 00:00:00','accepted','completed'),(83,'DATA202104',1,'2021-05-20','2021-05-20 00:00:00','accepted','completed'),(84,'DATA202102',1,'2021-05-04','2021-05-04 00:00:00','accepted','completed'),(84,'DATA202103',1,'2021-05-14','2021-05-14 00:00:00','accepted','completed'),(84,'DATA202104',1,'2021-05-20','2021-05-20 00:00:00','accepted','completed'),(85,'DATA202102',1,'2021-05-04','2021-05-04 00:00:00','accepted','completed'),(85,'DATA202103',1,'2021-05-14','2021-05-14 00:00:00','accepted','completed'),(85,'DATA202104',1,'2021-05-20','2021-05-20 00:00:00','accepted','completed'),(86,'DATA202006',1,'2020-07-29','2020-07-29 00:00:00','accepted','completed'),(86,'DATA202102',1,'2021-05-04','2021-05-04 00:00:00','accepted','completed'),(87,'DATA202102',1,'2021-05-04','2021-05-04 00:00:00','accepted','completed'),(87,'DATA202103',1,'2021-05-14','2021-05-14 00:00:00','accepted','completed'),(88,'DATA202102',1,'2021-05-04','2021-05-04 00:00:00','accepted','completed'),(89,'DATA202103',1,'2021-05-14','2021-05-14 00:00:00','accepted','completed'),(89,'DATA202104',1,'2021-05-20','2021-05-20 00:00:00','accepted','completed'),(90,'DATA202102',1,'2021-05-04','2021-05-04 00:00:00','accepted','completed'),(90,'DATA202103',1,'2021-05-14','2021-05-14 00:00:00','accepted','completed'),(91,'DATA202102',1,'2021-05-04','2021-05-04 00:00:00','accepted','completed'),(92,'DATA202004',1,'2020-07-01','2020-07-01 00:00:00','accepted','completed'),(92,'DATA202006',1,'2020-07-29','2020-07-29 00:00:00','accepted','completed'),(92,'DATA202102',1,'2021-05-04','2021-05-04 00:00:00','accepted','completed'),(92,'DATA202103',1,'2021-05-14','2021-05-14 00:00:00','accepted','completed'),(92,'DATA202104',1,'2021-05-20','2021-05-20 00:00:00','accepted','completed'),(93,'DATA202102',1,'2021-05-04','2021-05-04 00:00:00','accepted','completed'),(93,'DATA202103',1,'2021-05-14','2021-05-14 00:00:00','accepted','completed'),(93,'DATA202104',1,'2021-05-20','2021-05-20 00:00:00','accepted','completed'),(94,'DATA202102',1,'2021-05-04','2021-05-04 00:00:00','accepted','completed'),(94,'DATA202103',1,'2021-05-14','2021-05-14 00:00:00','accepted','completed'),(94,'DATA202104',1,'2021-05-20','2021-05-20 00:00:00','accepted','completed'),(95,'DATA202103',1,'2021-05-14','2021-05-14 00:00:00','accepted','completed'),(96,'DATA202102',1,'2021-05-04','2021-05-04 00:00:00','accepted','completed'),(96,'DATA202103',1,'2021-05-14','2021-05-14 00:00:00','accepted','completed'),(96,'DATA202104',1,'2021-05-20','2021-05-20 00:00:00','accepted','completed'),(97,'DATA202102',1,'2021-05-04','2021-05-04 00:00:00','accepted','completed'),(97,'DATA202103',1,'2021-05-14','2021-05-14 00:00:00','accepted','completed'),(97,'DATA202104',1,'2021-05-20','2021-05-20 00:00:00','accepted','completed'),(98,'DATA202103',1,'2021-05-14','2021-05-14 00:00:00','accepted','completed'),(99,'DATA202103',1,'2021-05-14','2021-05-14 00:00:00','accepted','completed'),(100,'DATA202102',1,'2021-05-04','2021-05-04 00:00:00','accepted','completed'),(101,'DATA202103',1,'2021-05-14','2021-05-14 00:00:00','accepted','completed'),(102,'DATA202102',1,'2021-05-04','2021-05-04 00:00:00','accepted','completed'),(102,'DATA202103',1,'2021-05-14','2021-05-14 00:00:00','accepted','completed'),(102,'DATA202104',1,'2021-05-20','2021-05-20 00:00:00','accepted','completed'),(103,'DATA202103',1,'2021-05-14','2021-05-14 00:00:00','accepted','completed'),(104,'DATA202102',1,'2021-05-04','2021-05-04 00:00:00','accepted','completed'),(104,'DATA202103',1,'2021-05-14','2021-05-14 00:00:00','accepted','completed'),(104,'DATA202104',1,'2021-05-20','2021-05-20 00:00:00','accepted','completed'),(105,'DATA202102',1,'2021-05-04','2021-05-04 00:00:00','accepted','completed'),(105,'DATA202103',1,'2021-05-14','2021-05-14 00:00:00','accepted','completed'),(105,'DATA202104',1,'2021-05-20','2021-05-20 00:00:00','accepted','completed'),(106,'DATA202106',1,'2021-07-22','2021-08-27 00:00:00','accepted','completed'),(107,'DATA202106',1,'2021-07-22','2021-08-27 00:00:00','accepted','completed'),(108,'DATA202106',1,'2021-07-22','2021-08-27 00:00:00','accepted','completed'),(109,'DATA202106',1,'2021-07-22','2021-08-27 00:00:00','accepted','completed'),(110,'DATA202106',1,'2021-07-22','2021-08-27 00:00:00','accepted','completed'),(111,'DATA202106',1,'2021-07-22','2021-08-27 00:00:00','accepted','completed'),(112,'DATA202106',1,'2021-07-22','2021-08-27 00:00:00','accepted','completed'),(113,'DATA202106',1,'2021-07-22','2021-08-27 00:00:00','accepted','completed'),(114,'DATA202106',1,'2021-07-22','2021-08-27 00:00:00','accepted','completed'),(115,'DATA202106',1,'2021-07-22','2021-08-27 00:00:00','accepted','completed'),(116,'DATA202106',1,'2021-07-22','2021-08-27 00:00:00','accepted','completed'),(117,'DATA202106',1,'2021-07-22','2021-08-27 00:00:00','accepted','completed'),(118,'DATA202106',1,'2021-07-22','2021-08-27 00:00:00','accepted','completed'),(119,'DATA202106',1,'2021-07-22','2021-08-27 00:00:00','accepted','completed'),(120,'DATA202106',1,'2021-07-22','2021-08-27 00:00:00','accepted','completed'),(121,'DATA202106',1,'2021-07-22','2021-08-27 00:00:00','accepted','completed'),(122,'DATA202106',1,'2021-07-22','2021-08-27 00:00:00','accepted','completed'),(123,'DATA202106',1,'2021-07-22','2021-08-27 00:00:00','accepted','completed'),(124,'DATA202106',1,'2021-07-22','2021-08-27 00:00:00','accepted','completed'),(125,'DATA202106',1,'2021-07-22','2021-08-27 00:00:00','accepted','completed'),(126,'DATA202106',1,'2021-07-22','2021-08-27 00:00:00','accepted','completed'),(127,'DATA202106',1,'2021-07-22','2021-08-27 00:00:00','accepted','completed'),(128,'DATA202106',1,'2021-07-22','2021-08-27 00:00:00','accepted','completed'),(129,'DATA202106',1,'2021-07-22','2021-08-27 00:00:00','accepted','completed'),(130,'DATA202106',1,'2021-07-22','2021-08-27 00:00:00','accepted','completed'),(131,'DATA202106',1,'2021-07-22','2021-08-27 00:00:00','accepted','completed'),(132,'DATA202106',1,'2021-07-22','2021-08-27 00:00:00','accepted','completed'),(133,'DATA202106',1,'2021-07-22','2021-08-27 00:00:00','accepted','completed'),(134,'DATA202106',1,'2021-07-22','2021-08-27 00:00:00','accepted','completed'),(135,'DATA202106',1,'2021-07-22','2021-08-27 00:00:00','accepted','completed'),(136,'DATA202106',1,'2021-07-22','2021-08-27 00:00:00','accepted','completed'),(137,'DATA202106',1,'2021-07-22','2021-08-27 00:00:00','accepted','completed'),(138,'DATA202106',1,'2021-07-22','2021-08-27 00:00:00','accepted','completed'),(139,'DATA202106',1,'2021-07-22','2021-08-27 00:00:00','accepted','completed'),(140,'DATA202106',1,'2021-07-22','2021-08-27 00:00:00','accepted','completed'),(141,'DATA202106',1,'2021-07-22','2021-08-27 00:00:00','accepted','completed'),(142,'DATA202106',1,'2021-07-22','2021-08-27 00:00:00','accepted','completed'),(143,'DATA202106',1,'2021-07-22','2021-08-27 00:00:00','accepted','completed'),(144,'DATA202106',1,'2021-07-22','2021-08-27 00:00:00','accepted','completed'),(145,'DATA202106',1,'2021-07-22','2021-08-27 00:00:00','accepted','completed'),(146,'DATA202106',1,'2021-07-22','2021-08-27 00:00:00','accepted','completed'),(147,'DATA202106',1,'2021-07-22','2021-08-27 00:00:00','accepted','completed'),(148,'DATA202106',1,'2021-07-22','2021-08-27 00:00:00','accepted','completed'),(149,'DATA202106',1,'2021-07-22','2021-08-27 00:00:00','accepted','completed'),(150,'DATA202106',1,'2021-07-22','2021-08-27 00:00:00','accepted','completed'),(152,'DATA202106',1,'2021-07-22','2021-08-27 00:00:00','accepted','completed'),(153,'DATA202106',1,'2021-07-22','2021-08-27 00:00:00','accepted','completed'),(154,'DATA202106',1,'2021-07-22','2021-08-27 00:00:00','accepted','completed'),(155,'DATA202106',1,'2021-07-22','2021-08-27 00:00:00','accepted','completed'),(156,'DATA202106',1,'2021-07-22','2021-08-27 00:00:00','accepted','completed'),(157,'DATA202106',1,'2021-07-22','2021-08-27 00:00:00','accepted','completed'),(158,'DATA202106',1,'2021-07-22','2021-08-27 00:00:00','accepted','completed'),(159,'DATA202106',1,'2021-07-22','2021-08-27 00:00:00','accepted','completed'),(160,'DATA202106',1,'2021-07-22','2021-08-27 00:00:00','accepted','completed'),(161,'DATA202106',1,'2021-07-22','2021-08-27 00:00:00','accepted','completed'),(162,'DATA202106',1,'2021-07-22','2021-08-27 00:00:00','accepted','completed'),(163,'DATA202106',1,'2021-07-22','2021-08-27 00:00:00','accepted','completed'),(164,'DATA202106',1,'2021-07-22','2021-08-27 00:00:00','accepted','completed'),(165,'DATA202106',1,'2021-07-22','2021-08-27 00:00:00','accepted','completed'),(166,'DATA202106',1,'2021-07-22','2021-08-27 00:00:00','accepted','completed'),(167,'DATA202106',1,'2021-07-22','2021-08-27 00:00:00','accepted','completed'),(168,'DATA202106',1,'2021-07-22','2021-08-27 00:00:00','accepted','completed'),(169,'DATA202106',1,'2021-07-22','2021-08-27 00:00:00','accepted','completed'),(170,'DATA202106',1,'2021-07-22','2021-08-27 00:00:00','accepted','completed'),(171,'DATA202106',1,'2021-07-22','2021-08-27 00:00:00','accepted','completed'),(172,'DATA202106',1,'2021-07-22','2021-08-27 00:00:00','accepted','completed'),(173,'DATA202106',1,'2021-07-22','2021-08-27 00:00:00','accepted','completed'),(174,'DATA202106',1,'2021-07-22','2021-08-27 00:00:00','accepted','completed'),(175,'DATA202008',1,'2020-08-12','2020-08-13 00:00:00','accepted','completed'),(175,'DATA202106',1,'2021-07-22','2021-08-27 00:00:00','accepted','completed'),(176,'DATA202106',1,'2021-07-22','2021-08-27 00:00:00','accepted','completed'),(177,'DATA202106',1,'2021-07-22','2021-08-27 00:00:00','accepted','completed'),(178,'DATA202106',1,'2021-07-22','2021-08-27 00:00:00','accepted','completed'),(179,'DATA202001',1,'2020-05-05','2020-05-06 00:00:00','accepted','completed'),(179,'DATA202106',1,'2021-07-22','2021-08-27 00:00:00','accepted','completed'),(180,'DATA202106',1,'2021-07-22','2021-08-27 00:00:00','accepted','completed'),(181,'DATA202106',1,'2021-07-22','2021-08-27 00:00:00','accepted','completed'),(182,'DATA202106',1,'2021-07-22','2021-08-27 00:00:00','accepted','completed'),(183,'DATA202106',1,'2021-07-22','2021-08-27 00:00:00','accepted','completed'),(184,'DATA202106',1,'2021-07-22','2021-08-27 00:00:00','accepted','completed'),(185,'DATA202106',1,'2021-07-22','2021-08-27 00:00:00','accepted','completed'),(186,'DATA202106',1,'2021-07-22','2021-08-27 00:00:00','accepted','completed'),(187,'DATA202106',1,'2021-07-22','2021-08-27 00:00:00','accepted','completed'),(188,'DATA202106',1,'2021-07-22','2021-08-27 00:00:00','accepted','completed'),(189,'DATA202106',1,'2021-07-22','2021-08-27 00:00:00','accepted','completed'),(190,'DATA202106',1,'2021-07-22','2021-08-27 00:00:00','accepted','completed'),(191,'DATA202106',1,'2021-07-22','2021-08-27 00:00:00','accepted','completed'),(192,'DATA202106',1,'2021-07-22','2021-08-27 00:00:00','accepted','completed'),(193,'DATA202106',1,'2021-07-22','2021-08-27 00:00:00','accepted','completed'),(194,'DATA202106',1,'2021-07-22','2021-08-27 00:00:00','accepted','completed'),(195,'DATA202106',1,'2021-07-22','2021-08-27 00:00:00','accepted','completed'),(196,'DATA202106',1,'2021-07-22','2021-08-27 00:00:00','accepted','completed'),(197,'DATA202106',1,'2021-07-22','2021-08-27 00:00:00','accepted','completed'),(198,'DATA202106',1,'2021-07-22','2021-08-27 00:00:00','accepted','completed'),(199,'DATA202106',1,'2021-07-22','2021-08-27 00:00:00','accepted','completed'),(200,'DATA202106',1,'2021-07-22','2021-08-27 00:00:00','accepted','completed'),(201,'DATA202106',1,'2021-07-22','2021-08-27 00:00:00','accepted','completed'),(202,'DATA202106',1,'2021-07-22','2021-08-27 00:00:00','accepted','completed'),(203,'DATA202106',1,'2021-07-22','2021-08-27 00:00:00','accepted','completed'),(204,'DATA202106',1,'2021-07-22','2021-08-27 00:00:00','accepted','completed'),(205,'DATA202106',1,'2021-07-22','2021-08-27 00:00:00','accepted','completed'),(206,'DATA202106',1,'2021-07-22','2021-08-27 00:00:00','accepted','completed'),(207,'DATA202106',1,'2021-07-22','2021-08-27 00:00:00','accepted','completed'),(208,'DATA202106',1,'2021-07-22','2021-08-27 00:00:00','accepted','completed'),(209,'DATA202106',1,'2021-07-22','2021-08-27 00:00:00','accepted','completed'),(210,'DATA202106',1,'2021-07-22','2021-08-27 00:00:00','accepted','completed'),(211,'DATA202106',1,'2021-07-22','2021-08-27 00:00:00','accepted','completed'),(212,'DATA202106',1,'2021-07-22','2021-08-27 00:00:00','accepted','completed'),(213,'DATA202106',1,'2021-07-22','2021-08-27 00:00:00','accepted','completed'),(214,'DATA202106',1,'2021-07-22','2021-08-27 00:00:00','accepted','completed'),(215,'DATA202106',1,'2021-07-22','2021-08-27 00:00:00','accepted','completed'),(216,'DATA202106',1,'2021-07-22','2021-08-27 00:00:00','accepted','completed'),(217,'DATA202106',1,'2021-07-22','2021-08-27 00:00:00','accepted','completed'),(218,'DATA202106',1,'2021-07-22','2021-08-27 00:00:00','accepted','completed'),(219,'DATA202106',1,'2021-07-22','2021-08-27 00:00:00','accepted','completed'),(220,'DATA202106',1,'2021-07-22','2021-08-27 00:00:00','accepted','completed'),(221,'DATA202011',1,'2020-07-01','2020-07-05 00:00:00','accepted','completed'),(221,'DATA202106',1,'2021-07-22','2021-08-27 00:00:00','accepted','completed'),(222,'DATA202106',1,'2021-07-22','2021-08-27 00:00:00','accepted','completed'),(223,'DATA202106',1,'2021-07-22','2021-08-27 00:00:00','accepted','completed'),(224,'DATA202106',1,'2021-07-22','2021-08-27 00:00:00','accepted','completed'),(225,'DATA202106',1,'2021-07-22','2021-08-27 00:00:00','accepted','completed'),(226,'DATA202106',1,'2021-07-22','2021-08-27 00:00:00','accepted','completed'),(227,'DATA202106',1,'2021-07-22','2021-08-27 00:00:00','accepted','completed'),(228,'DATA202106',1,'2021-07-22','2021-08-27 00:00:00','accepted','completed'),(229,'DATA202106',1,'2021-07-22','2021-08-27 00:00:00','accepted','completed'),(230,'DATA202106',1,'2021-07-22','2021-08-27 00:00:00','accepted','completed'),(231,'DATA202106',1,'2021-07-22','2021-08-27 00:00:00','accepted','completed'),(232,'DATA202106',1,'2021-07-22','2021-08-27 00:00:00','accepted','completed'),(233,'DATA202106',1,'2021-07-22','2021-08-27 00:00:00','accepted','completed'),(234,'DATA202106',1,'2021-07-22','2021-08-27 00:00:00','accepted','completed'),(235,'DATA202106',1,'2021-07-22','2021-08-27 00:00:00','accepted','completed'),(236,'DATA202106',1,'2021-07-22','2021-08-27 00:00:00','accepted','completed'),(238,'DATA202106',1,'2021-07-22','2021-08-27 00:00:00','accepted','completed'),(239,'DATA202106',1,'2021-07-22','2021-08-27 00:00:00','accepted','completed'),(240,'DATA202106',1,'2021-07-22','2021-08-27 00:00:00','accepted','completed'),(241,'DATA202106',1,'2021-07-22','2021-08-27 00:00:00','accepted','completed'),(242,'DATA202106',1,'2021-07-22','2021-08-27 00:00:00','accepted','completed'),(243,'DATA202106',1,'2021-07-22','2021-08-27 00:00:00','accepted','completed'),(244,'DATA202106',1,'2021-07-22','2021-08-27 00:00:00','accepted','completed'),(245,'DATA202106',1,'2021-07-22','2021-08-27 00:00:00','accepted','completed'),(246,'DATA202106',1,'2021-07-22','2021-08-27 00:00:00','accepted','completed'),(247,'DATA202106',1,'2021-07-22','2021-08-27 00:00:00','accepted','completed'),(248,'DATA202106',1,'2021-07-22','2021-08-27 00:00:00','accepted','completed'),(249,'DATA202107',1,'2021-07-15','2021-07-30 00:00:00','accepted','completed'),(250,'DATA202107',1,'2021-07-15','2021-07-30 00:00:00','accepted','completed'),(251,'DATA202107',1,'2021-07-15','2021-07-30 00:00:00','accepted','completed'),(252,'DATA202107',1,'2021-07-15','2021-07-30 00:00:00','accepted','completed'),(253,'DATA202107',1,'2021-07-15','2021-07-30 00:00:00','accepted','completed'),(254,'DATA202107',1,'2021-07-15','2021-07-30 00:00:00','accepted','completed'),(255,'DATA202107',1,'2021-07-15','2021-07-30 00:00:00','accepted','completed'),(256,'DATA202107',1,'2021-07-15','2021-07-30 00:00:00','accepted','completed'),(257,'DATA202107',1,'2021-07-15','2021-07-30 00:00:00','accepted','completed'),(258,'DATA202107',1,'2021-07-15','2021-07-30 00:00:00','accepted','completed'),(259,'DATA202107',1,'2021-07-15','2021-07-30 00:00:00','accepted','completed'),(260,'DATA202107',1,'2021-07-15','2021-07-30 00:00:00','accepted','completed'),(261,'DATA202001',1,'2020-05-05','2020-05-06 00:00:00','accepted','completed'),(261,'DATA202006',1,'2020-07-29','2020-07-29 00:00:00','accepted','completed'),(261,'DATA202107',1,'2021-07-15','2021-07-30 00:00:00','accepted','completed'),(262,'DATA202107',1,'2021-07-15','2021-07-30 00:00:00','accepted','completed'),(263,'DATA202107',1,'2021-07-15','2021-07-30 00:00:00','accepted','completed'),(264,'DATA202107',1,'2021-07-15','2021-07-30 00:00:00','accepted','completed'),(265,'DATA202008',1,'2020-08-12','2020-08-13 00:00:00','accepted','completed'),(266,'DATA202003',1,'2020-05-26','2020-05-28 00:00:00','accepted','completed'),(266,'DATA202004',1,'2020-07-01','2020-07-01 00:00:00','accepted','completed'),(266,'DATA202006',1,'2020-07-29','2020-07-29 00:00:00','accepted','completed'),(267,'DATA202009',1,'2020-10-30','2020-10-30 00:00:00','accepted','completed'),(268,'DATA202008',1,'2020-08-12','2020-08-13 00:00:00','accepted','completed'),(270,'DATA202003',1,'2020-05-26','2020-05-28 00:00:00','accepted','completed'),(270,'DATA202006',1,'2020-07-29','2020-07-29 00:00:00','accepted','completed'),(272,'DATA202003',1,'2020-05-26','2020-05-28 00:00:00','accepted','completed'),(272,'DATA202008',1,'2020-08-12','2020-08-13 00:00:00','accepted','completed'),(272,'DATA202009',1,'2020-10-30','2020-10-30 00:00:00','accepted','completed'),(273,'DATA202006',1,'2020-07-29','2020-07-29 00:00:00','accepted','completed'),(274,'DATA202008',1,'2020-08-12','2020-08-13 00:00:00','accepted','completed'),(275,'DATA202006',1,'2020-07-29','2020-07-29 00:00:00','accepted','completed'),(276,'DATA202008',1,'2020-08-12','2020-08-13 00:00:00','accepted','completed'),(278,'DATA202001',1,'2020-05-05','2020-05-06 00:00:00','accepted','completed'),(278,'DATA202011',1,'2020-07-01','2020-07-10 00:00:00','accepted','completed'),(279,'DATA202006',1,'2020-07-29','2020-07-29 00:00:00','accepted','completed'),(281,'DATA202011',1,'2020-07-01','2020-07-13 00:00:00','accepted','completed'),(282,'DATA202004',1,'2020-07-01','2020-07-01 00:00:00','accepted','completed'),(283,'DATA202003',1,'2020-05-26','2020-05-28 00:00:00','accepted','completed'),(284,'DATA202006',1,'2020-07-29','2020-07-29 00:00:00','accepted','completed'),(285,'DATA202008',1,'2020-08-12','2020-08-13 00:00:00','accepted','completed'),(286,'DATA202009',1,'2020-10-30','2020-10-30 00:00:00','accepted','completed'),(288,'DATA202006',1,'2020-07-29','2020-07-29 00:00:00','accepted','completed'),(290,'DATA202009',1,'2020-10-30','2020-10-30 00:00:00','accepted','completed'),(290,'DATA202010',1,'2020-10-06','2020-10-06 00:00:00','accepted','completed'),(294,'DATA202010',1,'2020-10-06','2020-10-06 00:00:00','accepted','completed'),(295,'DATA202008',1,'2020-08-12','2020-08-13 00:00:00','accepted','completed'),(298,'DATA202003',1,'2020-05-26','2020-05-28 00:00:00','accepted','completed'),(300,'DATA202001',1,'2020-05-05','2020-05-06 00:00:00','accepted','completed'),(302,'DATA202001',1,'2020-05-05','2020-05-06 00:00:00','accepted','completed'),(306,'DATA202003',1,'2020-05-26','2020-05-28 00:00:00','accepted','completed'),(306,'DATA202004',1,'2020-07-01','2020-07-01 00:00:00','accepted','completed'),(306,'DATA202006',1,'2020-07-29','2020-07-29 00:00:00','accepted','completed'),(306,'DATA202008',1,'2020-08-12','2020-08-13 00:00:00','accepted','completed'),(307,'DATA202004',1,'2020-07-01','2020-07-01 00:00:00','accepted','completed'),(307,'DATA202006',1,'2020-07-29','2020-07-29 00:00:00','accepted','completed'),(308,'DATA202008',1,'2020-08-12','2020-08-13 00:00:00','accepted','completed'),(309,'DATA201903',1,'2019-06-05','2019-06-05 00:00:00','accepted','completed'),(309,'DATA202008',1,'2020-08-12','2020-08-13 00:00:00','accepted','completed'),(312,'DATA202004',1,'2020-07-01','2020-07-01 00:00:00','accepted','completed'),(312,'DATA202006',1,'2020-07-29','2020-07-29 00:00:00','accepted','completed'),(314,'DATA202011',1,'2020-07-01','2020-07-11 00:00:00','accepted','completed'),(318,'DATA202008',1,'2020-08-12','2020-08-13 00:00:00','accepted','completed'),(319,'DATA202006',1,'2020-07-29','2020-07-29 00:00:00','accepted','completed'),(323,'DATA202003',1,'2020-05-26','2020-05-28 00:00:00','accepted','completed'),(323,'DATA202006',1,'2020-07-29','2020-07-29 00:00:00','accepted','completed'),(324,'DATA202008',1,'2020-08-12','2020-08-13 00:00:00','accepted','completed'),(325,'DATA202001',1,'2020-05-05','2020-05-06 00:00:00','accepted','completed'),(326,'DATA202008',1,'2020-08-12','2020-08-13 00:00:00','accepted','completed'),(327,'DATA202008',1,'2020-08-12','2020-08-13 00:00:00','accepted','completed'),(329,'DATA202003',1,'2020-05-26','2020-05-28 00:00:00','accepted','completed'),(329,'DATA202008',1,'2020-08-12','2020-08-13 00:00:00','accepted','completed'),(330,'DATA202001',1,'2020-05-05','2020-05-06 00:00:00','accepted','completed'),(330,'DATA202003',1,'2020-05-26','2020-05-28 00:00:00','accepted','completed'),(331,'DATA202003',1,'2020-05-26','2020-05-28 00:00:00','accepted','completed'),(331,'DATA202006',1,'2020-07-29','2020-07-29 00:00:00','accepted','completed'),(331,'DATA202011',1,'2020-07-01','2020-07-02 00:00:00','accepted','completed'),(335,'DATA202001',1,'2020-05-05','2020-05-06 00:00:00','accepted','completed'),(338,'DATA202011',1,'2020-07-01','2020-07-07 00:00:00','accepted','completed'),(340,'DATA202011',1,'2020-07-01','2020-07-06 00:00:00','accepted','completed'),(341,'DATA202011',1,'2020-07-01','2020-07-04 00:00:00','accepted','completed'),(342,'DATA202006',1,'2020-07-29','2020-07-29 00:00:00','accepted','completed'),(343,'DATA202008',1,'2020-08-12','2020-08-13 00:00:00','accepted','completed'),(345,'DATA202008',1,'2020-08-12','2020-08-13 00:00:00','accepted','completed'),(346,'DATA202006',1,'2020-07-29','2020-07-29 00:00:00','accepted','completed'),(347,'DATA202003',1,'2020-05-26','2020-05-28 00:00:00','accepted','completed'),(349,'DATA202006',1,'2020-07-29','2020-07-29 00:00:00','accepted','completed'),(350,'DATA202008',1,'2020-08-12','2020-08-13 00:00:00','accepted','completed'),(351,'DATA202003',1,'2020-05-26','2020-05-28 00:00:00','accepted','completed'),(353,'DATA202006',1,'2020-07-29','2020-07-29 00:00:00','accepted','completed'),(354,'DATA202006',1,'2020-07-29','2020-07-29 00:00:00','accepted','completed'),(354,'DATA202011',1,'2020-07-01','2020-07-03 00:00:00','accepted','completed'),(357,'DATA202004',1,'2020-07-01','2020-07-01 00:00:00','accepted','completed'),(357,'DATA202006',1,'2020-07-29','2020-07-29 00:00:00','accepted','completed'),(358,'DATA202006',1,'2020-07-29','2020-07-29 00:00:00','accepted','completed'),(359,'DATA202003',1,'2020-05-26','2020-05-28 00:00:00','accepted','completed'),(360,'DATA202009',1,'2020-10-30','2020-10-30 00:00:00','accepted','completed'),(360,'DATA202010',1,'2020-10-06','2020-10-06 00:00:00','accepted','completed'),(360,'DATA202011',1,'2020-07-01','2020-07-08 00:00:00','accepted','completed'),(361,'DATA202008',1,'2020-08-12','2020-08-13 00:00:00','accepted','completed'),(363,'DATA202006',1,'2020-07-29','2020-07-29 00:00:00','accepted','completed'),(364,'DATA202008',1,'2020-08-12','2020-08-13 00:00:00','accepted','completed'),(370,'DATA202001',1,'2020-05-05','2020-05-06 00:00:00','accepted','completed'),(370,'DATA202003',1,'2020-05-26','2020-05-28 00:00:00','accepted','completed'),(372,'DATA202001',1,'2020-05-05','2020-05-06 00:00:00','accepted','completed'),(375,'DATA202003',1,'2020-05-26','2020-05-28 00:00:00','accepted','completed'),(376,'DATA201904',1,'2019-06-19','2019-06-19 00:00:00','accepted','completed'),(376,'DATA202004',1,'2020-07-01','2020-07-01 00:00:00','accepted','completed'),(376,'DATA202006',1,'2020-07-29','2020-07-29 00:00:00','accepted','completed'),(378,'DATA202006',1,'2020-07-29','2020-07-29 00:00:00','accepted','completed'),(379,'DATA202008',1,'2020-08-12','2020-08-13 00:00:00','accepted','completed'),(380,'DATA202008',1,'2020-08-12','2020-08-13 00:00:00','accepted','completed'),(381,'DATA202008',1,'2020-08-12','2020-08-13 00:00:00','accepted','completed'),(382,'DATA202004',1,'2020-07-01','2020-07-01 00:00:00','accepted','completed'),(382,'DATA202006',1,'2020-07-29','2020-07-29 00:00:00','accepted','completed'),(383,'DATA202008',1,'2020-08-12','2020-08-13 00:00:00','accepted','completed'),(384,'DATA202008',1,'2020-08-12','2020-08-13 00:00:00','accepted','completed'),(385,'DATA202009',1,'2020-10-30','2020-10-30 00:00:00','accepted','completed'),(386,'DATA202001',1,'2020-05-05','2020-05-06 00:00:00','accepted','completed'),(386,'DATA202004',1,'2020-07-01','2020-07-01 00:00:00','accepted','completed'),(390,'DATA202010',1,'2020-10-06','2020-10-06 00:00:00','accepted','completed'),(391,'DATA202001',1,'2020-05-05','2020-05-06 00:00:00','accepted','completed'),(391,'DATA202006',1,'2020-07-29','2020-07-29 00:00:00','accepted','completed'),(392,'DATA202006',1,'2020-07-29','2020-07-29 00:00:00','accepted','completed'),(393,'DATA202001',1,'2020-05-05','2020-05-06 00:00:00','accepted','completed'),(394,'DATA202009',1,'2020-10-30','2020-10-30 00:00:00','accepted','completed'),(398,'DATA202006',1,'2020-07-29','2020-07-29 00:00:00','accepted','completed'),(400,'DATA202008',1,'2020-08-12','2020-08-13 00:00:00','accepted','completed'),(402,'DATA202004',1,'2020-07-01','2020-07-01 00:00:00','accepted','completed'),(402,'DATA202006',1,'2020-07-29','2020-07-29 00:00:00','accepted','completed'),(403,'DATA202004',1,'2020-07-01','2020-07-01 00:00:00','accepted','completed'),(403,'DATA202006',1,'2020-07-29','2020-07-29 00:00:00','accepted','completed'),(406,'DATA202008',1,'2020-08-12','2020-08-13 00:00:00','accepted','completed'),(407,'DATA202008',1,'2020-08-12','2020-08-13 00:00:00','accepted','completed'),(408,'DATA202003',1,'2020-05-26','2020-05-28 00:00:00','accepted','completed'),(409,'DATA202011',1,'2020-07-01','2020-07-09 00:00:00','accepted','completed'),(413,'DATA202006',1,'2020-07-29','2020-07-29 00:00:00','accepted','completed'),(415,'DATA202006',1,'2020-07-29','2020-07-29 00:00:00','accepted','completed'),(416,'DATA202010',1,'2020-10-06','2020-10-06 00:00:00','accepted','completed'),(417,'DATA202006',1,'2020-07-29','2020-07-29 00:00:00','accepted','completed'),(419,'DATA202003',1,'2020-05-26','2020-05-28 00:00:00','accepted','completed'),(419,'DATA202008',1,'2020-08-12','2020-08-13 00:00:00','accepted','completed'),(419,'DATA202009',1,'2020-10-30','2020-10-30 00:00:00','accepted','completed'),(419,'DATA202010',1,'2020-10-06','2020-10-06 00:00:00','accepted','completed'),(421,'DATA202006',1,'2020-07-29','2020-07-29 00:00:00','accepted','completed'),(423,'DATA202006',1,'2020-07-29','2020-07-29 00:00:00','accepted','completed'),(424,'DATA202008',1,'2020-08-12','2020-08-13 00:00:00','accepted','completed'),(426,'DATA202008',1,'2020-08-12','2020-08-13 00:00:00','accepted','completed'),(427,'DATA202008',1,'2020-08-12','2020-08-13 00:00:00','accepted','completed'),(429,'DATA202006',1,'2020-07-29','2020-07-29 00:00:00','accepted','completed'),(430,'DATA202003',1,'2020-05-26','2020-05-28 00:00:00','accepted','completed'),(431,'DATA202008',1,'2020-08-12','2020-08-13 00:00:00','accepted','completed'),(432,'DATA202006',1,'2020-07-29','2020-07-29 00:00:00','accepted','completed'),(435,'DATA202001',1,'2020-05-05','2020-05-06 00:00:00','accepted','completed'),(435,'DATA202004',1,'2020-07-01','2020-07-01 00:00:00','accepted','completed'),(435,'DATA202006',1,'2020-07-29','2020-07-29 00:00:00','accepted','completed'),(437,'DATA202009',1,'2020-10-30','2020-10-30 00:00:00','accepted','completed'),(439,'DATA202009',1,'2020-10-30','2020-10-30 00:00:00','accepted','completed'),(441,'DATA202009',1,'2020-10-30','2020-10-30 00:00:00','accepted','completed'),(443,'DATA202001',1,'2020-05-05','2020-05-06 00:00:00','accepted','completed'),(444,'DATA202003',1,'2020-05-26','2020-05-28 00:00:00','accepted','completed'),(446,'DATA202001',1,'2020-05-05','2020-05-06 00:00:00','accepted','completed'),(446,'DATA202003',1,'2020-05-26','2020-05-28 00:00:00','accepted','completed'),(446,'DATA202011',1,'2020-07-01','2020-07-02 00:00:00','accepted','completed'),(447,'DATA202009',1,'2020-10-30','2020-10-30 00:00:00','accepted','completed'),(447,'DATA202010',1,'2020-10-06','2020-10-06 00:00:00','accepted','completed'),(448,'DATA202004',1,'2020-07-01','2020-07-01 00:00:00','accepted','completed'),(448,'DATA202006',1,'2020-07-29','2020-07-29 00:00:00','accepted','completed'),(450,'DATA202004',1,'2020-07-01','2020-07-01 00:00:00','accepted','completed'),(450,'DATA202006',1,'2020-07-29','2020-07-29 00:00:00','accepted','completed'),(451,'DATA202011',1,'2020-07-01','2020-07-12 00:00:00','accepted','completed'),(453,'DATA202004',1,'2020-07-01','2020-07-01 00:00:00','accepted','completed'),(453,'DATA202006',1,'2020-07-29','2020-07-29 00:00:00','accepted','completed'),(455,'DATA201903',1,'2019-06-05','2019-06-05 00:00:00','accepted','completed'),(455,'DATA202001',1,'2020-05-05','2020-05-06 00:00:00','accepted','completed'),(456,'DATA202006',1,'2020-07-29','2020-07-29 00:00:00','accepted','completed'),(457,'DATA201903',1,'2019-06-05','2019-06-05 00:00:00','accepted','completed'),(460,'DATA201903',1,'2019-06-05','2019-06-05 00:00:00','accepted','completed'),(460,'DATA201904',1,'2019-06-19','2019-06-19 00:00:00','accepted','completed'),(462,'DATA201903',1,'2019-06-05','2019-06-05 00:00:00','accepted','completed'),(472,'DATA201903',1,'2019-06-05','2019-06-05 00:00:00','accepted','completed'),(475,'DATA201903',1,'2019-06-05','2019-06-05 00:00:00','accepted','completed'),(477,'DATA201903',1,'2019-06-05','2019-06-05 00:00:00','accepted','completed'),(479,'DATA201904',1,'2019-06-19','2019-06-19 00:00:00','accepted','completed'),(497,'DATA201901',1,'2019-04-29','2019-04-30 00:00:00','accepted','completed'),(497,'DATA201902',1,'2019-05-02','2019-05-02 00:00:00','accepted','completed'),(504,'DATA201903',1,'2019-06-05','2019-06-05 00:00:00','accepted','completed'),(505,'DATA201904',1,'2019-06-19','2019-06-19 00:00:00','accepted','completed'),(506,'DATA201903',1,'2019-06-05','2019-06-05 00:00:00','accepted','completed'),(506,'DATA201904',1,'2019-06-19','2019-06-19 00:00:00','accepted','completed'),(519,'DATA201903',1,'2019-06-05','2019-06-05 00:00:00','accepted','completed'),(520,'DATA201903',1,'2019-06-05','2019-06-05 00:00:00','accepted','completed'),(520,'DATA201904',1,'2019-06-19','2019-06-19 00:00:00','accepted','completed'),(523,'DATA201904',1,'2019-06-19','2019-06-19 00:00:00','accepted','completed'),(524,'DATA201903',1,'2019-06-05','2019-06-05 00:00:00','accepted','completed'),(525,'DATA201903',1,'2019-06-05','2019-06-05 00:00:00','accepted','completed'),(526,'DATA201903',1,'2019-06-05','2019-06-05 00:00:00','accepted','completed'),(527,'DATA201904',1,'2019-06-19','2019-06-19 00:00:00','accepted','completed'),(528,'DATA201903',1,'2019-06-05','2019-06-05 00:00:00','accepted','completed'),(529,'DATA201903',1,'2019-06-05','2019-06-05 00:00:00','accepted','completed'),(530,'DATA201904',1,'2019-06-19','2019-06-19 00:00:00','accepted','completed'),(531,'DATA201904',1,'2019-06-19','2019-06-19 00:00:00','accepted','completed'),(532,'DATA201903',1,'2019-06-05','2019-06-05 00:00:00','accepted','completed'),(532,'DATA201904',1,'2019-06-19','2019-06-19 00:00:00','accepted','completed'),(534,'DATA201803',1,'2018-05-02','2018-05-03 00:00:00','accepted','completed'),(535,'DATA201803',1,'2018-05-02','2018-05-03 00:00:00','accepted','completed'),(536,'DATA201803',1,'2018-05-02','2018-05-03 00:00:00','accepted','completed'),(536,'DATA201804',1,'2018-05-07','2018-05-08 00:00:00','accepted','completed'),(536,'DATA201811',1,'2018-08-13','2018-08-14 00:00:00','accepted','completed'),(537,'DATA201803',1,'2018-05-02','2018-05-03 00:00:00','accepted','completed'),(538,'DATA201803',1,'2018-05-02','2018-05-03 00:00:00','accepted','completed'),(538,'DATA201809',1,'2018-06-20','2018-06-21 00:00:00','accepted','completed'),(539,'DATA201803',1,'2018-05-02','2018-05-03 00:00:00','accepted','completed'),(540,'DATA201803',1,'2018-05-02','2018-05-03 00:00:00','accepted','completed'),(541,'DATA201803',1,'2018-05-02','2018-05-03 00:00:00','accepted','completed'),(542,'DATA201803',1,'2018-05-02','2018-05-03 00:00:00','accepted','completed'),(543,'DATA201801',1,'2018-01-02','2018-01-02 00:00:00','accepted','completed'),(543,'DATA201803',1,'2018-05-02','2018-05-03 00:00:00','accepted','completed'),(544,'DATA201803',1,'2018-05-02','2018-05-03 00:00:00','accepted','completed'),(545,'DATA201803',1,'2018-05-02','2018-05-03 00:00:00','accepted','completed'),(546,'DATA201803',1,'2018-05-02','2018-05-03 00:00:00','accepted','completed'),(547,'DATA201809',1,'2018-06-20','2018-06-21 00:00:00','accepted','completed'),(548,'DATA201809',1,'2018-06-20','2018-06-21 00:00:00','accepted','completed'),(550,'DATA201809',1,'2018-06-20','2018-06-21 00:00:00','accepted','completed'),(551,'DATA201809',1,'2018-06-20','2018-06-21 00:00:00','accepted','completed'),(552,'DATA201809',1,'2018-06-20','2018-06-21 00:00:00','accepted','completed'),(553,'DATA201809',1,'2018-06-20','2018-06-21 00:00:00','accepted','completed'),(554,'DATA201809',1,'2018-06-20','2018-06-21 00:00:00','accepted','completed'),(555,'DATA201809',1,'2018-06-20','2018-06-21 00:00:00','accepted','completed'),(556,'DATA201809',1,'2018-06-20','2018-06-21 00:00:00','accepted','completed'),(557,'DATA201809',1,'2018-06-20','2018-06-21 00:00:00','accepted','completed'),(558,'DATA201809',1,'2018-06-20','2018-06-21 00:00:00','accepted','completed'),(558,'DATA201901',1,'2019-04-29','2019-04-30 00:00:00','accepted','completed'),(558,'DATA201902',1,'2019-05-02','2019-05-02 00:00:00','accepted','completed'),(559,'DATA201809',1,'2018-06-20','2018-06-21 00:00:00','accepted','completed'),(559,'DATA201901',1,'2019-04-29','2019-04-30 00:00:00','accepted','completed'),(560,'DATA201809',1,'2018-06-20','2018-06-21 00:00:00','accepted','completed'),(561,'DATA201809',1,'2018-06-20','2018-06-21 00:00:00','accepted','completed'),(562,'DATA201809',1,'2018-06-20','2018-06-21 00:00:00','accepted','completed'),(563,'DATA201809',1,'2018-06-20','2018-06-21 00:00:00','accepted','completed'),(564,'DATA201809',1,'2018-06-20','2018-06-21 00:00:00','accepted','completed'),(565,'DATA201809',1,'2018-06-20','2018-06-21 00:00:00','accepted','completed'),(566,'DATA201809',1,'2018-06-20','2018-06-21 00:00:00','accepted','completed'),(567,'DATA201809',1,'2018-06-20','2018-06-21 00:00:00','accepted','completed'),(568,'DATA201804',1,'2018-05-07','2018-05-08 00:00:00','accepted','completed'),(568,'DATA201811',1,'2018-08-13','2018-08-14 00:00:00','accepted','completed'),(569,'DATA201804',1,'2018-05-07','2018-05-08 00:00:00','accepted','completed'),(569,'DATA201811',1,'2018-08-13','2018-08-14 00:00:00','accepted','completed'),(571,'DATA201804',1,'2018-05-07','2018-05-08 00:00:00','accepted','completed'),(571,'DATA201811',1,'2018-08-13','2018-08-14 00:00:00','accepted','completed'),(572,'DATA201804',1,'2018-05-07','2018-05-08 00:00:00','accepted','completed'),(572,'DATA201811',1,'2018-08-13','2018-08-14 00:00:00','accepted','completed'),(573,'DATA201804',1,'2018-05-07','2018-05-08 00:00:00','accepted','completed'),(573,'DATA201811',1,'2018-08-13','2018-08-14 00:00:00','accepted','completed'),(574,'DATA201804',1,'2018-05-07','2018-05-08 00:00:00','accepted','completed'),(574,'DATA201811',1,'2018-08-13','2018-08-14 00:00:00','accepted','completed'),(575,'DATA201804',1,'2018-05-07','2018-05-08 00:00:00','accepted','completed'),(575,'DATA201811',1,'2018-08-13','2018-08-14 00:00:00','accepted','completed'),(576,'DATA201802',1,'2018-01-03','2018-01-05 00:00:00','accepted','completed'),(576,'DATA201804',1,'2018-05-07','2018-05-08 00:00:00','accepted','completed'),(576,'DATA201811',1,'2018-08-13','2018-08-14 00:00:00','accepted','completed'),(577,'DATA201804',1,'2018-05-07','2018-05-08 00:00:00','accepted','completed'),(577,'DATA201811',1,'2018-08-13','2018-08-14 00:00:00','accepted','completed'),(578,'DATA201804',1,'2018-05-07','2018-05-08 00:00:00','accepted','completed'),(578,'DATA201811',1,'2018-08-13','2018-08-14 00:00:00','accepted','completed'),(579,'DATA201801',1,'2018-01-02','2018-01-02 00:00:00','accepted','completed'),(580,'DATA201801',1,'2018-01-02','2018-01-02 00:00:00','accepted','completed'),(581,'DATA201801',1,'2018-01-02','2018-01-02 00:00:00','accepted','completed'),(582,'DATA201801',1,'2018-01-02','2018-01-02 00:00:00','accepted','completed'),(583,'DATA201801',1,'2018-01-02','2018-01-02 00:00:00','accepted','completed'),(583,'DATA201802',1,'2018-01-03','2018-01-05 00:00:00','accepted','completed'),(584,'DATA201801',1,'2018-01-02','2018-01-02 00:00:00','accepted','completed'),(585,'DATA201801',1,'2018-01-02','2018-01-02 00:00:00','accepted','completed'),(585,'DATA201802',1,'2018-01-03','2018-01-05 00:00:00','accepted','completed'),(586,'DATA201801',1,'2018-01-02','2018-01-02 00:00:00','accepted','completed'),(587,'DATA201801',1,'2018-01-02','2018-01-02 00:00:00','accepted','completed'),(587,'DATA201802',1,'2018-01-03','2018-01-05 00:00:00','accepted','completed'),(588,'DATA201801',1,'2018-01-02','2018-01-02 00:00:00','accepted','completed'),(589,'DATA201801',1,'2018-01-02','2018-01-02 00:00:00','accepted','completed'),(590,'DATA201801',1,'2018-01-02','2018-01-02 00:00:00','accepted','completed'),(591,'DATA201801',1,'2018-01-02','2018-01-02 00:00:00','accepted','completed'),(592,'DATA201801',1,'2018-01-02','2018-01-02 00:00:00','accepted','completed'),(593,'DATA201801',1,'2018-01-02','2018-01-02 00:00:00','accepted','completed'),(594,'DATA201801',1,'2018-01-02','2018-01-02 00:00:00','accepted','completed'),(595,'DATA201801',1,'2018-01-02','2018-01-02 00:00:00','accepted','completed'),(597,'DATA201801',1,'2018-01-02','2018-01-02 00:00:00','accepted','completed'),(598,'DATA201801',1,'2018-01-02','2018-01-02 00:00:00','accepted','completed'),(599,'DATA201801',1,'2018-01-02','2018-01-02 00:00:00','accepted','completed'),(599,'DATA201802',1,'2018-01-03','2018-01-05 00:00:00','accepted','completed'),(600,'DATA201801',1,'2018-01-02','2018-01-02 00:00:00','accepted','completed'),(601,'DATA201801',1,'2018-01-02','2018-01-02 00:00:00','accepted','completed'),(601,'DATA201802',1,'2018-01-03','2018-01-05 00:00:00','accepted','completed'),(602,'DATA201801',1,'2018-01-02','2018-01-02 00:00:00','accepted','completed'),(602,'DATA201802',1,'2018-01-03','2018-01-05 00:00:00','accepted','completed'),(603,'DATA201801',1,'2018-01-02','2018-01-02 00:00:00','accepted','completed'),(603,'DATA201802',1,'2018-01-03','2018-01-05 00:00:00','accepted','completed'),(604,'DATA201802',1,'2018-01-03','2018-01-05 00:00:00','accepted','completed'),(605,'DATA201802',1,'2018-01-03','2018-01-05 00:00:00','accepted','completed'),(606,'DATA201802',1,'2018-01-03','2018-01-05 00:00:00','accepted','completed'),(607,'DATA201802',1,'2018-01-03','2018-01-05 00:00:00','accepted','completed'),(608,'DATA201802',1,'2018-01-03','2018-01-05 00:00:00','accepted','completed'),(609,'DATA201802',1,'2018-01-03','2018-01-05 00:00:00','accepted','completed'),(612,'DATA201802',1,'2018-01-03','2018-01-05 00:00:00','accepted','completed'),(613,'DATA201802',1,'2018-01-03','2018-01-05 00:00:00','accepted','completed'),(615,'DATA201802',1,'2018-01-03','2018-01-05 00:00:00','accepted','completed'),(616,'DATA201802',1,'2018-01-03','2018-01-05 00:00:00','accepted','completed'),(617,'DATA201802',1,'2018-01-03','2018-01-05 00:00:00','accepted','completed'),(618,'DATA201802',1,'2018-01-03','2018-01-05 00:00:00','accepted','completed'),(618,'DATA201902',1,'2019-05-02','2019-05-02 00:00:00','accepted','completed'),(619,'DATA201802',1,'2018-01-03','2018-01-05 00:00:00','accepted','completed'),(620,'DATA201802',1,'2018-01-03','2018-01-05 00:00:00','accepted','completed'),(621,'DATA201802',1,'2018-01-03','2018-01-05 00:00:00','accepted','completed'),(622,'DATA201802',1,'2018-01-03','2018-01-05 00:00:00','accepted','completed'),(624,'DATA201802',1,'2018-01-03','2018-01-05 00:00:00','accepted','completed'),(625,'DATA201802',1,'2018-01-03','2018-01-05 00:00:00','accepted','completed'),(626,'DATA201802',1,'2018-01-03','2018-01-05 00:00:00','accepted','completed'),(627,'DATA201802',1,'2018-01-03','2018-01-05 00:00:00','accepted','completed'),(629,'DATA201802',1,'2018-01-03','2018-01-05 00:00:00','accepted','completed'),(630,'DATA201802',1,'2018-01-03','2018-01-05 00:00:00','accepted','completed'),(631,'DATA201902',1,'2019-05-02','2019-05-02 00:00:00','accepted','completed'),(632,'DATA201901',1,'2019-04-29','2019-04-30 00:00:00','accepted','completed'),(632,'DATA201902',1,'2019-05-02','2019-05-02 00:00:00','accepted','completed'),(633,'DATA201901',1,'2019-04-29','2019-04-30 00:00:00','accepted','completed'),(633,'DATA201902',1,'2019-05-02','2019-05-02 00:00:00','accepted','completed'),(634,'DATA201901',1,'2019-04-29','2019-04-30 00:00:00','accepted','completed'),(634,'DATA201902',1,'2019-05-02','2019-05-02 00:00:00','accepted','completed'),(635,'DATA201902',1,'2019-05-02','2019-05-02 00:00:00','accepted','completed'),(636,'DATA201901',1,'2019-04-29','2019-04-30 00:00:00','accepted','completed'),(636,'DATA201902',1,'2019-05-02','2019-05-02 00:00:00','accepted','completed'),(637,'DATA201902',1,'2019-05-02','2019-05-02 00:00:00','accepted','completed'),(638,'DATA201902',1,'2019-05-02','2019-05-02 00:00:00','accepted','completed'),(639,'DATA201902',1,'2019-05-02','2019-05-02 00:00:00','accepted','completed'),(640,'DATA201901',1,'2019-04-29','2019-04-30 00:00:00','accepted','completed'),(640,'DATA201902',1,'2019-05-02','2019-05-02 00:00:00','accepted','completed'),(641,'DATA201902',1,'2019-05-02','2019-05-02 00:00:00','accepted','completed'),(642,'DATA201901',1,'2019-04-29','2019-04-30 00:00:00','accepted','completed'),(642,'DATA201902',1,'2019-05-02','2019-05-02 00:00:00','accepted','completed'),(643,'DATA201902',1,'2019-05-02','2019-05-02 00:00:00','accepted','completed'),(644,'DATA201901',1,'2019-04-29','2019-04-30 00:00:00','accepted','completed'),(644,'DATA201902',1,'2019-05-02','2019-05-02 00:00:00','accepted','completed'),(645,'DATA201902',1,'2019-05-02','2019-05-02 00:00:00','accepted','completed'),(646,'DATA201901',1,'2019-04-29','2019-04-30 00:00:00','accepted','completed'),(646,'DATA201902',1,'2019-05-02','2019-05-02 00:00:00','accepted','completed'),(647,'DATA201901',1,'2019-04-29','2019-04-30 00:00:00','accepted','completed'),(647,'DATA201902',1,'2019-05-02','2019-05-02 00:00:00','accepted','completed'),(648,'DATA201902',1,'2019-05-02','2019-05-02 00:00:00','accepted','completed'),(649,'DATA201902',1,'2019-05-02','2019-05-02 00:00:00','accepted','completed'),(650,'DATA201902',1,'2019-05-02','2019-05-02 00:00:00','accepted','completed'),(651,'DATA201902',1,'2019-05-02','2019-05-02 00:00:00','accepted','completed'),(652,'DATA201902',1,'2019-05-02','2019-05-02 00:00:00','accepted','completed'),(653,'DATA201901',1,'2019-04-29','2019-04-30 00:00:00','accepted','completed'),(653,'DATA201902',1,'2019-05-02','2019-05-02 00:00:00','accepted','completed'),(654,'DATA201902',1,'2019-05-02','2019-05-02 00:00:00','accepted','completed'),(655,'DATA201901',1,'2019-04-29','2019-04-30 00:00:00','accepted','completed'),(655,'DATA201902',1,'2019-05-02','2019-05-02 00:00:00','accepted','completed'),(656,'DATA201901',1,'2019-04-29','2019-04-30 00:00:00','accepted','completed'),(656,'DATA201902',1,'2019-05-02','2019-05-02 00:00:00','accepted','completed'),(657,'DATA201902',1,'2019-05-02','2019-05-02 00:00:00','accepted','completed'),(658,'DATA201901',1,'2019-04-29','2019-04-30 00:00:00','accepted','completed'),(658,'DATA201902',1,'2019-05-02','2019-05-02 00:00:00','accepted','completed'),(659,'DATA201901',1,'2019-04-29','2019-04-30 00:00:00','accepted','completed'),(660,'DATA201901',1,'2019-04-29','2019-04-30 00:00:00','accepted','completed'),(661,'DATA201901',1,'2019-04-29','2019-04-30 00:00:00','accepted','completed'),(662,'DATA201901',1,'2019-04-29','2019-04-30 00:00:00','accepted','completed'),(663,'DATA201901',1,'2019-04-29','2019-04-30 00:00:00','accepted','completed'),(664,'DATA201901',1,'2019-04-29','2019-04-30 00:00:00','accepted','completed'),(665,'DATA201901',1,'2019-04-29','2019-04-30 00:00:00','accepted','completed'),(666,'DATA201901',1,'2019-04-29','2019-04-30 00:00:00','accepted','completed'),(667,'DATA201901',1,'2019-04-29','2019-04-30 00:00:00','accepted','completed'),(668,'DATA201901',1,'2019-04-29','2019-04-30 00:00:00','accepted','completed'),(669,'DATA201901',1,'2019-04-29','2019-04-30 00:00:00','accepted','completed'),(670,'DATA201901',1,'2019-04-29','2019-04-30 00:00:00','accepted','completed'),(671,'DATA201901',1,'2019-04-29','2019-04-30 00:00:00','accepted','completed'),(672,'DATA201901',1,'2019-04-29','2019-04-30 00:00:00','accepted','completed'),(673,'DATA201901',1,'2019-04-29','2019-04-30 00:00:00','accepted','completed'),(674,'DATA201901',1,'2019-04-29','2019-04-30 00:00:00','accepted','completed'),(675,'DATA201901',1,'2019-04-29','2019-04-30 00:00:00','accepted','completed'),(676,'DATA201901',1,'2019-04-29','2019-04-30 00:00:00','accepted','completed'),(677,'DATA201901',1,'2019-04-29','2019-04-30 00:00:00','accepted','completed'),(678,'DATA201901',1,'2019-04-29','2019-04-30 00:00:00','accepted','completed'),(679,'DATA201901',1,'2019-04-29','2019-04-30 00:00:00','accepted','completed'),(680,'DATA202102',1,'2021-05-04','2021-05-04 00:00:00','accepted','completed'),(680,'DATA202103',1,'2021-05-14','2021-05-14 00:00:00','accepted','completed'),(680,'DATA202104',1,'2021-05-20','2021-05-20 00:00:00','accepted','completed'),(680,'DATA202105',1,'2021-07-28','2021-07-30 00:00:00','accepted','completed');
/*!40000 ALTER TABLE `registration` ENABLE KEYS */;
UNLOCK TABLES;
/*!40103 SET TIME_ZONE=@OLD_TIME_ZONE */;

/*!40101 SET SQL_MODE=@OLD_SQL_MODE */;
/*!40014 SET FOREIGN_KEY_CHECKS=@OLD_FOREIGN_KEY_CHECKS */;
/*!40014 SET UNIQUE_CHECKS=@OLD_UNIQUE_CHECKS */;
/*!40101 SET CHARACTER_SET_CLIENT=@OLD_CHARACTER_SET_CLIENT */;
/*!40101 SET CHARACTER_SET_RESULTS=@OLD_CHARACTER_SET_RESULTS */;
/*!40101 SET COLLATION_CONNECTION=@OLD_COLLATION_CONNECTION */;
/*!40111 SET SQL_NOTES=@OLD_SQL_NOTES */;

-- Dump completed on 2021-09-13 10:52:55

--
-- Table structure for table `external_user`
--

DROP TABLE IF EXISTS `external_user`;
/*!40101 SET @saved_cs_client     = @@character_set_client */;
/*!50503 SET character_set_client = utf8mb4 */;
CREATE TABLE `external_user` (
  `EUser_ID` int(11) NOT NULL,
  `Company` varchar(255) NOT NULL,
  `Designation` varchar(255) NOT NULL,
  `Contact` int(11) NOT NULL,
  `Alumni` tinyint(1) DEFAULT '0',
  PRIMARY KEY (`EUser_ID`),
  CONSTRAINT `external_user_ibfk_1` FOREIGN KEY (`EUser_ID`) REFERENCES `user` (`User_ID`)
) ENGINE=InnoDB DEFAULT CHARSET=utf8mb4 COLLATE=utf8mb4_0900_ai_ci;
/*!40101 SET character_set_client = @saved_cs_client */;

--
-- Dumping data for table `external_user`
--

LOCK TABLES `external_user` WRITE;
/*!40000 ALTER TABLE `external_user` DISABLE KEYS */;
/*!40000 ALTER TABLE `external_user` ENABLE KEYS */;
UNLOCK TABLES;
/*!40103 SET TIME_ZONE=@OLD_TIME_ZONE */;

/*!40101 SET SQL_MODE=@OLD_SQL_MODE */;
/*!40014 SET FOREIGN_KEY_CHECKS=@OLD_FOREIGN_KEY_CHECKS */;
/*!40014 SET UNIQUE_CHECKS=@OLD_UNIQUE_CHECKS */;
/*!40101 SET CHARACTER_SET_CLIENT=@OLD_CHARACTER_SET_CLIENT */;
/*!40101 SET CHARACTER_SET_RESULTS=@OLD_CHARACTER_SET_RESULTS */;
/*!40101 SET COLLATION_CONNECTION=@OLD_COLLATION_CONNECTION */;
/*!40111 SET SQL_NOTES=@OLD_SQL_NOTES */;

-- Dump completed on 2021-09-13 10:52:56

--
-- Table structure for table `course_proposed`
--

DROP TABLE IF EXISTS `course_proposed`;
/*!40101 SET @saved_cs_client     = @@character_set_client */;
/*!50503 SET character_set_client = utf8mb4 */;
CREATE TABLE `course_proposed` (
  `CPUser_ID` int(11) NOT NULL,
  `CP_ID` int(11) NOT NULL AUTO_INCREMENT,
  `CP_Name` varchar(50) NOT NULL,
  `CP_Desc` varchar(255) NOT NULL,
  `CP_Status` varchar(15) NOT NULL DEFAULT 'reviewing',
  `Proposed_Date` date NOT NULL DEFAULT (curdate()),
  PRIMARY KEY (`CP_ID`),
  KEY `cp_fk` (`CPUser_ID`),
  CONSTRAINT `cp_fk` FOREIGN KEY (`CPUser_ID`) REFERENCES `user` (`User_ID`)
) ENGINE=InnoDB AUTO_INCREMENT=3 DEFAULT CHARSET=utf8mb4 COLLATE=utf8mb4_0900_ai_ci;
/*!40101 SET character_set_client = @saved_cs_client */;

--
-- Dumping data for table `course_proposed`
--

LOCK TABLES `course_proposed` WRITE;
/*!40000 ALTER TABLE `course_proposed` DISABLE KEYS */;
/*!40000 ALTER TABLE `course_proposed` ENABLE KEYS */;
UNLOCK TABLES;
/*!40103 SET TIME_ZONE=@OLD_TIME_ZONE */;

/*!40101 SET SQL_MODE=@OLD_SQL_MODE */;
/*!40014 SET FOREIGN_KEY_CHECKS=@OLD_FOREIGN_KEY_CHECKS */;
/*!40014 SET UNIQUE_CHECKS=@OLD_UNIQUE_CHECKS */;
/*!40101 SET CHARACTER_SET_CLIENT=@OLD_CHARACTER_SET_CLIENT */;
/*!40101 SET CHARACTER_SET_RESULTS=@OLD_CHARACTER_SET_RESULTS */;
/*!40101 SET COLLATION_CONNECTION=@OLD_COLLATION_CONNECTION */;
/*!40111 SET SQL_NOTES=@OLD_SQL_NOTES */;

-- Dump completed on 2021-09-13 10:52:56

--
-- Table structure for table `instructor_run`
--

DROP TABLE IF EXISTS `instructor_run`;
/*!40101 SET @saved_cs_client     = @@character_set_client */;
/*!50503 SET character_set_client = utf8mb4 */;
CREATE TABLE `instructor_run` (
  `Instructor_ID` int(11) NOT NULL,
  `IRCourse_ID` varchar(15) NOT NULL,
  `IRRun_StartDate` date NOT NULL,
  `IRClass` int(11) NOT NULL,
  KEY `IRCourse_ID` (`IRCourse_ID`,`IRClass`,`IRRun_StartDate`),
  KEY `Instructor_ID` (`Instructor_ID`),
  CONSTRAINT `instructor_run_ibfk_1` FOREIGN KEY (`IRCourse_ID`, `IRClass`, `IRRun_StartDate`) REFERENCES `run` (`RunCourse_ID`, `Class`, `Run_StartDate`) ON UPDATE CASCADE,
  CONSTRAINT `instructor_run_ibfk_2` FOREIGN KEY (`Instructor_ID`) REFERENCES `user` (`User_ID`)
) ENGINE=InnoDB DEFAULT CHARSET=utf8mb4 COLLATE=utf8mb4_0900_ai_ci;
/*!40101 SET character_set_client = @saved_cs_client */;

--
-- Dumping data for table `instructor_run`
--

LOCK TABLES `instructor_run` WRITE;
/*!40000 ALTER TABLE `instructor_run` DISABLE KEYS */;
/*!40000 ALTER TABLE `instructor_run` ENABLE KEYS */;
UNLOCK TABLES;
/*!40103 SET TIME_ZONE=@OLD_TIME_ZONE */;

/*!40101 SET SQL_MODE=@OLD_SQL_MODE */;
/*!40014 SET FOREIGN_KEY_CHECKS=@OLD_FOREIGN_KEY_CHECKS */;
/*!40014 SET UNIQUE_CHECKS=@OLD_UNIQUE_CHECKS */;
/*!40101 SET CHARACTER_SET_CLIENT=@OLD_CHARACTER_SET_CLIENT */;
/*!40101 SET CHARACTER_SET_RESULTS=@OLD_CHARACTER_SET_RESULTS */;
/*!40101 SET COLLATION_CONNECTION=@OLD_COLLATION_CONNECTION */;
/*!40111 SET SQL_NOTES=@OLD_SQL_NOTES */;

-- Dump completed on 2021-09-13 10:52:56

--
-- Table structure for table `certificate`
--

DROP TABLE IF EXISTS `certificate`;
/*!40101 SET @saved_cs_client     = @@character_set_client */;
/*!50503 SET character_set_client = utf8mb4 */;
CREATE TABLE `certificate` (
  `CUser_ID` int(11) NOT NULL,
  `Certificate_ID` int(11) NOT NULL,
  `Title` varchar(100) NOT NULL,
  `Organisation` varchar(100) NOT NULL,
  `Issue_Date` date NOT NULL,
  `Expiration` date DEFAULT NULL,
  `Certificate_URL` varchar(255) DEFAULT NULL,
  PRIMARY KEY (`CUser_ID`,`Certificate_ID`,`Organisation`),
  CONSTRAINT `certificate_ibfk_1` FOREIGN KEY (`CUser_ID`) REFERENCES `user` (`User_ID`)
) ENGINE=InnoDB DEFAULT CHARSET=utf8mb4 COLLATE=utf8mb4_0900_ai_ci;
/*!40101 SET character_set_client = @saved_cs_client */;

--
-- Dumping data for table `certificate`
--

LOCK TABLES `certificate` WRITE;
/*!40000 ALTER TABLE `certificate` DISABLE KEYS */;
/*!40000 ALTER TABLE `certificate` ENABLE KEYS */;
UNLOCK TABLES;
/*!40103 SET TIME_ZONE=@OLD_TIME_ZONE */;

/*!40101 SET SQL_MODE=@OLD_SQL_MODE */;
/*!40014 SET FOREIGN_KEY_CHECKS=@OLD_FOREIGN_KEY_CHECKS */;
/*!40014 SET UNIQUE_CHECKS=@OLD_UNIQUE_CHECKS */;
/*!40101 SET CHARACTER_SET_CLIENT=@OLD_CHARACTER_SET_CLIENT */;
/*!40101 SET CHARACTER_SET_RESULTS=@OLD_CHARACTER_SET_RESULTS */;
/*!40101 SET COLLATION_CONNECTION=@OLD_COLLATION_CONNECTION */;
/*!40111 SET SQL_NOTES=@OLD_SQL_NOTES */;

-- Dump completed on 2021-09-13 10:52:56

--
-- Table structure for table `feedback`
--

DROP TABLE IF EXISTS `feedback`;
/*!40101 SET @saved_cs_client     = @@character_set_client */;
/*!50503 SET character_set_client = utf8mb4 */;
CREATE TABLE `feedback` (
  `Feedback_ID` int(11) NOT NULL AUTO_INCREMENT,
  `Q1` tinytext NOT NULL,
  `Q2` tinytext NOT NULL,
  `Q3` tinytext NOT NULL,
  `Q4` tinytext NOT NULL,
  `Q5` tinytext NOT NULL,
  `Q6` tinytext NOT NULL,
  `Q7` tinytext NOT NULL,
  `Q8` tinytext NOT NULL,
  `Q9` tinytext NOT NULL,
  `Q10` tinytext NOT NULL,
  `Q11` tinytext NOT NULL,
  `Q12` tinytext NOT NULL,
  `Q13` tinytext NOT NULL,
  PRIMARY KEY (`Feedback_ID`)
) ENGINE=InnoDB AUTO_INCREMENT=2 DEFAULT CHARSET=utf8mb4 COLLATE=utf8mb4_0900_ai_ci;
/*!40101 SET character_set_client = @saved_cs_client */;

--
-- Dumping data for table `feedback`
--

LOCK TABLES `feedback` WRITE;
/*!40000 ALTER TABLE `feedback` DISABLE KEYS */;
INSERT INTO `feedback` VALUES (1,'How would you rate the course content and course structure? (1 is Lowest and 5 is Highest) - Content','How would you rate the course content and course structure? (1 is Lowest and 5 is Highest) - Duration','How would you rate the course content and course structure? (1 is Lowest and 5 is Highest) - Relevancy','What are the areas of the Course that was done well?','What are the areas of the course we can improve?','How would you rate the Instructor? (1 is Lowest and 5 is Highest) - Clarity','How would you rate the Instructor? (1 is Lowest and 5 is Highest) - Pace','How would you rate the Instructor? (1 is Lowest and 5 is Highest) - Helpfulness','How would you rate the Instructor? (1 is Lowest and 5 is Highest) - Knowledge','What are the areas that the instructor did well on?','What are the areas that the instructor can improve on on?','How likely would you recommend this course to your friends? (1 is Lowest and 5 is Highest)','Additional remarks');
/*!40000 ALTER TABLE `feedback` ENABLE KEYS */;
UNLOCK TABLES;
/*!40103 SET TIME_ZONE=@OLD_TIME_ZONE */;

/*!40101 SET SQL_MODE=@OLD_SQL_MODE */;
/*!40014 SET FOREIGN_KEY_CHECKS=@OLD_FOREIGN_KEY_CHECKS */;
/*!40014 SET UNIQUE_CHECKS=@OLD_UNIQUE_CHECKS */;
/*!40101 SET CHARACTER_SET_CLIENT=@OLD_CHARACTER_SET_CLIENT */;
/*!40101 SET CHARACTER_SET_RESULTS=@OLD_CHARACTER_SET_RESULTS */;
/*!40101 SET COLLATION_CONNECTION=@OLD_COLLATION_CONNECTION */;
/*!40111 SET SQL_NOTES=@OLD_SQL_NOTES */;

-- Dump completed on 2021-09-13 10:52:55

--
-- Table structure for table `course_feedback`
--

DROP TABLE IF EXISTS `course_feedback`;
/*!40101 SET @saved_cs_client     = @@character_set_client */;
/*!50503 SET character_set_client = utf8mb4 */;
CREATE TABLE `course_feedback` (
  `CFRunCourse_ID` varchar(15) DEFAULT NULL,
  `CFClass` int(11) DEFAULT NULL,
  `CFRun_StartDate` date DEFAULT NULL,
  `CFeedback_ID` int(11) DEFAULT NULL,
  `CFQ1` text,
  `CFQ2` text,
  `CFQ3` text,
  `CFQ4` text,
  `CFQ5` text,
  `CFQ6` text,
  `CFQ7` text,
  `CFQ8` text,
  `CFQ9` text,
  `CFQ10` text,
  `CFQ11` text,
  `CFQ12` text,
  `CFQ13` text,
  KEY `CFRunCourse_ID` (`CFRunCourse_ID`,`CFClass`,`CFRun_StartDate`),
  KEY `CFeedback_ID` (`CFeedback_ID`),
  CONSTRAINT `course_feedback_ibfk_1` FOREIGN KEY (`CFRunCourse_ID`, `CFClass`, `CFRun_StartDate`) REFERENCES `run` (`RunCourse_ID`, `Class`, `Run_StartDate`) ON UPDATE CASCADE,
  CONSTRAINT `course_feedback_ibfk_2` FOREIGN KEY (`CFeedback_ID`) REFERENCES `feedback` (`Feedback_ID`) ON UPDATE CASCADE
) ENGINE=InnoDB DEFAULT CHARSET=utf8mb4 COLLATE=utf8mb4_0900_ai_ci;
/*!40101 SET character_set_client = @saved_cs_client */;

--
-- Dumping data for table `course_feedback`
--

LOCK TABLES `course_feedback` WRITE;
/*!40000 ALTER TABLE `course_feedback` DISABLE KEYS */;
/*!40000 ALTER TABLE `course_feedback` ENABLE KEYS */;
UNLOCK TABLES;
/*!40103 SET TIME_ZONE=@OLD_TIME_ZONE */;

/*!40101 SET SQL_MODE=@OLD_SQL_MODE */;
/*!40014 SET FOREIGN_KEY_CHECKS=@OLD_FOREIGN_KEY_CHECKS */;
/*!40014 SET UNIQUE_CHECKS=@OLD_UNIQUE_CHECKS */;
/*!40101 SET CHARACTER_SET_CLIENT=@OLD_CHARACTER_SET_CLIENT */;
/*!40101 SET CHARACTER_SET_RESULTS=@OLD_CHARACTER_SET_RESULTS */;
/*!40101 SET COLLATION_CONNECTION=@OLD_COLLATION_CONNECTION */;
/*!40111 SET SQL_NOTES=@OLD_SQL_NOTES */;

-- Dump completed on 2021-09-13 10:52:56

--
-- Table structure for table `migrations`
--

DROP TABLE IF EXISTS `migrations`;
/*!40101 SET @saved_cs_client     = @@character_set_client */;
/*!50503 SET character_set_client = utf8mb4 */;
CREATE TABLE `migrations` (
  `id` int(10) unsigned NOT NULL AUTO_INCREMENT,
  `migration` varchar(255) CHARACTER SET utf8mb4 COLLATE utf8mb4_unicode_ci NOT NULL,
  `batch` int(11) NOT NULL,
  PRIMARY KEY (`id`)
) ENGINE=InnoDB AUTO_INCREMENT=4 DEFAULT CHARSET=utf8mb4 COLLATE=utf8mb4_unicode_ci;
/*!40101 SET character_set_client = @saved_cs_client */;

--
-- Dumping data for table `migrations`
--

LOCK TABLES `migrations` WRITE;
/*!40000 ALTER TABLE `migrations` DISABLE KEYS */;
/*!40000 ALTER TABLE `migrations` ENABLE KEYS */;
UNLOCK TABLES;
/*!40103 SET TIME_ZONE=@OLD_TIME_ZONE */;

/*!40101 SET SQL_MODE=@OLD_SQL_MODE */;
/*!40014 SET FOREIGN_KEY_CHECKS=@OLD_FOREIGN_KEY_CHECKS */;
/*!40014 SET UNIQUE_CHECKS=@OLD_UNIQUE_CHECKS */;
/*!40101 SET CHARACTER_SET_CLIENT=@OLD_CHARACTER_SET_CLIENT */;
/*!40101 SET CHARACTER_SET_RESULTS=@OLD_CHARACTER_SET_RESULTS */;
/*!40101 SET COLLATION_CONNECTION=@OLD_COLLATION_CONNECTION */;
/*!40111 SET SQL_NOTES=@OLD_SQL_NOTES */;

-- Dump completed on 2021-09-13 10:52:56

--
-- Table structure for table `jobs`
--

DROP TABLE IF EXISTS `jobs`;
/*!40101 SET @saved_cs_client     = @@character_set_client */;
/*!50503 SET character_set_client = utf8mb4 */;
CREATE TABLE `jobs` (
  `id` bigint(20) unsigned NOT NULL AUTO_INCREMENT,
  `queue` varchar(255) CHARACTER SET utf8mb4 COLLATE utf8mb4_unicode_ci NOT NULL,
  `payload` longtext CHARACTER SET utf8mb4 COLLATE utf8mb4_unicode_ci NOT NULL,
  `attempts` tinyint(3) unsigned NOT NULL,
  `reserved_at` int(10) unsigned DEFAULT NULL,
  `available_at` int(10) unsigned NOT NULL,
  `created_at` int(10) unsigned NOT NULL,
  PRIMARY KEY (`id`),
  KEY `jobs_queue_index` (`queue`)
) ENGINE=InnoDB AUTO_INCREMENT=10 DEFAULT CHARSET=utf8mb4 COLLATE=utf8mb4_unicode_ci;
/*!40101 SET character_set_client = @saved_cs_client */;

--
-- Dumping data for table `jobs`
--

LOCK TABLES `jobs` WRITE;
/*!40000 ALTER TABLE `jobs` DISABLE KEYS */;
/*!40000 ALTER TABLE `jobs` ENABLE KEYS */;
UNLOCK TABLES;
/*!40103 SET TIME_ZONE=@OLD_TIME_ZONE */;

/*!40101 SET SQL_MODE=@OLD_SQL_MODE */;
/*!40014 SET FOREIGN_KEY_CHECKS=@OLD_FOREIGN_KEY_CHECKS */;
/*!40014 SET UNIQUE_CHECKS=@OLD_UNIQUE_CHECKS */;
/*!40101 SET CHARACTER_SET_CLIENT=@OLD_CHARACTER_SET_CLIENT */;
/*!40101 SET CHARACTER_SET_RESULTS=@OLD_CHARACTER_SET_RESULTS */;
/*!40101 SET COLLATION_CONNECTION=@OLD_COLLATION_CONNECTION */;
/*!40111 SET SQL_NOTES=@OLD_SQL_NOTES */;

-- Dump completed on 2021-09-13 10:52:56

--
-- Table structure for table `failed_jobs`
--

DROP TABLE IF EXISTS `failed_jobs`;
/*!40101 SET @saved_cs_client     = @@character_set_client */;
/*!50503 SET character_set_client = utf8mb4 */;
CREATE TABLE `failed_jobs` (
  `id` bigint(20) unsigned NOT NULL AUTO_INCREMENT,
  `uuid` varchar(255) CHARACTER SET utf8mb4 COLLATE utf8mb4_unicode_ci NOT NULL,
  `connection` text CHARACTER SET utf8mb4 COLLATE utf8mb4_unicode_ci NOT NULL,
  `queue` text CHARACTER SET utf8mb4 COLLATE utf8mb4_unicode_ci NOT NULL,
  `payload` longtext CHARACTER SET utf8mb4 COLLATE utf8mb4_unicode_ci NOT NULL,
  `exception` longtext CHARACTER SET utf8mb4 COLLATE utf8mb4_unicode_ci NOT NULL,
  `failed_at` timestamp NOT NULL DEFAULT CURRENT_TIMESTAMP,
  PRIMARY KEY (`id`),
  UNIQUE KEY `failed_jobs_uuid_unique` (`uuid`)
) ENGINE=InnoDB DEFAULT CHARSET=utf8mb4 COLLATE=utf8mb4_unicode_ci;
/*!40101 SET character_set_client = @saved_cs_client */;

--
-- Dumping data for table `failed_jobs`
--

LOCK TABLES `failed_jobs` WRITE;
/*!40000 ALTER TABLE `failed_jobs` DISABLE KEYS */;
/*!40000 ALTER TABLE `failed_jobs` ENABLE KEYS */;
UNLOCK TABLES;
/*!40103 SET TIME_ZONE=@OLD_TIME_ZONE */;

/*!40101 SET SQL_MODE=@OLD_SQL_MODE */;
/*!40014 SET FOREIGN_KEY_CHECKS=@OLD_FOREIGN_KEY_CHECKS */;
/*!40014 SET UNIQUE_CHECKS=@OLD_UNIQUE_CHECKS */;
/*!40101 SET CHARACTER_SET_CLIENT=@OLD_CHARACTER_SET_CLIENT */;
/*!40101 SET CHARACTER_SET_RESULTS=@OLD_CHARACTER_SET_RESULTS */;
/*!40101 SET COLLATION_CONNECTION=@OLD_COLLATION_CONNECTION */;
/*!40111 SET SQL_NOTES=@OLD_SQL_NOTES */;

-- Dump completed on 2021-09-13 10:52:56

--
-- Table structure for table `personal_access_tokens`
--

DROP TABLE IF EXISTS `personal_access_tokens`;
/*!40101 SET @saved_cs_client     = @@character_set_client */;
/*!50503 SET character_set_client = utf8mb4 */;
CREATE TABLE `personal_access_tokens` (
  `id` bigint(20) unsigned NOT NULL AUTO_INCREMENT,
  `tokenable_type` varchar(255) CHARACTER SET utf8mb4 COLLATE utf8mb4_unicode_ci NOT NULL,
  `tokenable_id` bigint(20) unsigned NOT NULL,
  `name` varchar(255) CHARACTER SET utf8mb4 COLLATE utf8mb4_unicode_ci NOT NULL,
  `token` varchar(64) CHARACTER SET utf8mb4 COLLATE utf8mb4_unicode_ci NOT NULL,
  `abilities` text CHARACTER SET utf8mb4 COLLATE utf8mb4_unicode_ci,
  `last_used_at` timestamp NULL DEFAULT NULL,
  `created_at` timestamp NULL DEFAULT NULL,
  `updated_at` timestamp NULL DEFAULT NULL,
  PRIMARY KEY (`id`),
  UNIQUE KEY `personal_access_tokens_token_unique` (`token`),
  KEY `personal_access_tokens_tokenable_type_tokenable_id_index` (`tokenable_type`,`tokenable_id`)
) ENGINE=InnoDB DEFAULT CHARSET=utf8mb4 COLLATE=utf8mb4_unicode_ci;
/*!40101 SET character_set_client = @saved_cs_client */;

--
-- Dumping data for table `personal_access_tokens`
--

LOCK TABLES `personal_access_tokens` WRITE;
/*!40000 ALTER TABLE `personal_access_tokens` DISABLE KEYS */;
/*!40000 ALTER TABLE `personal_access_tokens` ENABLE KEYS */;
UNLOCK TABLES;
/*!40103 SET TIME_ZONE=@OLD_TIME_ZONE */;

/*!40101 SET SQL_MODE=@OLD_SQL_MODE */;
/*!40014 SET FOREIGN_KEY_CHECKS=@OLD_FOREIGN_KEY_CHECKS */;
/*!40014 SET UNIQUE_CHECKS=@OLD_UNIQUE_CHECKS */;
/*!40101 SET CHARACTER_SET_CLIENT=@OLD_CHARACTER_SET_CLIENT */;
/*!40101 SET CHARACTER_SET_RESULTS=@OLD_CHARACTER_SET_RESULTS */;
/*!40101 SET COLLATION_CONNECTION=@OLD_COLLATION_CONNECTION */;
/*!40111 SET SQL_NOTES=@OLD_SQL_NOTES */;

-- Dump completed on 2021-09-13 10:52:55

